{"stats":{"minecraft:broken":{"minecraft:diamond_helmet":1,"minecraft:stone_pickaxe":1,"minecraft:diamond_boots":1,"minecraft:diamond_leggings":1},"minecraft:crafted":{"luckytntmod:nuclear_tnt":1,"minecraft:brick":320,"minecraft:grindstone":1,"minecraft:oak_planks":332,"minecraft:smooth_stone":6,"luckytntmod:dynamite":4,"luckytntmod:tnt_x5":16,"minecraft:stone":11,"minecraft:diamond_shovel":1,"minecraft:bookshelf":206,"minecraft:cooked_mutton":6,"minecraft:cake":1,"minecraft:quartz_block":12,"minecraft:glass":288,"minecraft:diamond_helmet":2,"minecraft:diamond_leggings":2,"luckytntmod:tnt_x100":1,"minecraft:chest":8,"minecraft:chiseled_stone_bricks":128,"minecraft:stone_hoe":13,"uncraftingtable76:uncraftingtable":1,"hrbsdrills:drillhead":1,"minecraft:emerald":448,"minecraft:arrow":480,"minecraft:diamond_axe":4,"minecraft:crafting_table":3,"minecraft:spruce_planks":5476,"minecraft:wooden_pickaxe":1,"minecraft:iron_helmet":12,"minecraft:smithing_table":1,"minecraft:chainmail_chestplate":12,"hrbsdrills:engine":1,"minecraft:fletching_table":20,"minecraft:tnt":64,"minecraft:lectern":7,"minecraft:diamond_pickaxe":1,"minecraft:charcoal":18,"minecraft:stick":9036,"minecraft:stone_slab":6,"minecraft:iron_pickaxe":4,"minecraft:iron_block":8,"minecraft:shears":1,"minecraft:polished_andesite":64,"minecraft:redstone":48,"luckytntmod:tnt_x20":4,"minecraft:furnace":4,"minecraft:blast_furnace":2,"travelersbackpack:villager":3,"minecraft:flint_and_steel":1,"hrbsdrills:drill":1,"minecraft:lantern":180,"minecraft:iron_axe":40,"minecraft:spruce_slab":30,"minecraft:ender_pearl":24,"minecraft:stone_pickaxe":1,"minecraft:diamond_boots":2,"minecraft:redstone_block":5,"minecraft:wheat":90,"minecraft:cooked_beef":3,"minecraft:sugar":15,"luckytntmod:nuclear_dynamite":4,"minecraft:diamond_sword":1,"luckytntmod:uranium_ingot":7,"minecraft:iron_sword":1,"minecraft:bell":10,"minecraft:cooked_salmon":11,"minecraft:polished_granite":64,"minecraft:bucket":3,"minecraft:stone_axe":1,"minecraft:glowstone":24,"minecraft:enchanted_book":654,"minecraft:bread":1020,"minecraft:air":0,"minecraft:magenta_glazed_terracotta":1,"minecraft:flint":60,"minecraft:iron_leggings":12,"minecraft:white_bed":19,"minecraft:torch":80,"minecraft:lapis_lazuli":24,"minecraft:diamond_chestplate":2},"minecraft:killed":{"minecraft:spider":4,"minecraft:cod":2,"minecraft:skeleton":3,"ava:dark_blue_robot":10,"minecraft:pig":1,"minecraft:creeper":5,"minecraft:sheep":6,"minecraft:zombie":30,"minecraft:cow":2,"alexsmobs:bison":1,"adventurez:orc":3,"bosses_of_mass_destruction:void_blossom":1,"mutantmonsters:mutant_zombie":2,"minecraft:villager":9},"minecraft:dropped":{"minecraft:moss_block":1,"minecraft:baked_potato":1,"minecraft:crossbow":2,"minecraft:lantern":72,"minecraft:cracked_stone_bricks":3,"minecraft:saddle":2,"alexsmobs:bison_fur":1,"minecraft:flint":3,"minecraft:emerald":2,"minecraft:dirt":206,"alexsmobs:flying_fish":1,"minecraft:gold_nugget":4,"minecraft:sand":4,"minecraft:sugar":3,"minecraft:white_wool":1,"minecraft:bone":1,"minecraft:stone_axe":1,"mutantmonsters:hulk_hammer":1,"minecraft:cobbled_deepslate":215,"minecraft:rotten_flesh":109,"minecraft:oak_planks":13,"minecraft:cooked_mutton":1,"minecraft:carrot":2,"minecraft:chainmail_chestplate":1,"minecraft:arrow":137,"minecraft:beef":7,"minecraft:glass":192,"minecraft:enchanted_book":23,"minecraft:bread":647,"minecraft:oak_slab":3,"minecraft:wheat_seeds":21,"minecraft:cobblestone":67,"minecraft:prismarine_crystals":3,"minecraft:book":6,"minecraft:tropical_fish":5,"minecraft:stick":28,"minecraft:diorite":18,"minecraft:oak_stairs":5,"minecraft:string":12,"minecraft:spruce_sapling":1,"minecraft:tuff":14,"adventurez:orc_skin":8,"minecraft:andesite":9,"minecraft:oak_sapling":2,"minecraft:stone_bricks":2,"minecraft:spruce_log":144,"minecraft:sandstone":6,"minecraft:raw_gold":2},"minecraft:custom":{"minecraft:interact_with_crafting_table":103,"minecraft:open_barrel":6,"minecraft:bell_ring":3,"minecraft:leave_game":49,"minecraft:time_since_death":672922,"minecraft:damage_resisted":2513,"minecraft:sprint_one_cm":1556676,"minecraft:drop":146,"minecraft:talked_to_villager":2400,"minecraft:play_time":799965,"minecraft:deaths":1,"minecraft:jump":10189,"minecraft:walk_on_water_one_cm":75077,"minecraft:interact_with_furnace":69,"minecraft:traded_with_villager":2084,"minecraft:sleep_in_bed":34,"minecraft:damage_dealt":24649,"minecraft:crouch_one_cm":66115,"minecraft:interact_with_smithing_table":4,"minecraft:mob_kills":107,"minecraft:interact_with_anvil":7,"minecraft:climb_one_cm":2866,"minecraft:walk_one_cm":1140763,"minecraft:sneak_time":45269,"minecraft:walk_under_water_one_cm":26832,"minecraft:interact_with_blast_furnace":6,"minecraft:total_world_time":799965,"minecraft:interact_with_grindstone":5,"minecraft:time_since_rest":7616,"minecraft:damage_taken":5274,"minecraft:damage_absorbed":1342,"minecraft:swim_one_cm":178885,"minecraft:fly_one_cm":2285338,"minecraft:open_chest":332,"minecraft:fall_one_cm":260603},"minecraft:mined":{"minecraft:spruce_planks":2,"minecraft:white_bed":42,"minecraft:granite":9,"minecraft:grass_block":123,"minecraft:composter":1,"luckytntmod:deepslate_uranium_ore":37,"minecraft:fire":1,"minecraft:barrel":6,"minecraft:fletching_table":3,"minecraft:dirt_path":8,"minecraft:oak_stairs":5,"minecraft:azalea":2,"minecraft:torch":9,"minecraft:chest":6,"minecraft:cobblestone":4,"minecraft:grindstone":7,"minecraft:sugar_cane":14,"minecraft:oak_planks":17,"minecraft:wall_torch":5,"minecraft:wheat":39,"minecraft:grass":25,"minecraft:oak_log":95,"minecraft:sand":21,"minecraft:dirt":211,"minecraft:stonecutter":1,"minecraft:oak_leaves":3,"minecraft:deepslate":542,"alexscaves:spelunkery_table":1,"minecraft:tuff":24,"minecraft:deepslate_diamond_ore":10,"luckytntmod:deepslate_gunpowder_ore":5,"minecraft:spruce_leaves":11,"minecraft:moss_block":4,"minecraft:sandstone":11,"minecraft:hay_block":10,"minecraft:spruce_sapling":2,"minecraft:furnace":3,"minecraft:carrots":2,"bosses_of_mass_destruction:void_blossom":19,"minecraft:andesite":51,"minecraft:bookshelf":188,"minecraft:potatoes":1,"minecraft:deepslate_iron_ore":1,"minecraft:vine":1,"minecraft:stone":397,"minecraft:oak_slab":4,"minecraft:flowering_azalea":1,"minecraft:crafting_table":3,"minecraft:lectern":17,"minecraft:tall_grass":3,"minecraft:stone_slab":1,"minecraft:copper_ore":1,"minecraft:deepslate_gold_ore":1,"minecraft:diorite":47,"minecraft:spruce_log":2804,"minecraft:yellow_bed":4,"minecraft:coal_ore":4,"minecraft:gravel":22,"minecraft:cracked_stone_bricks":3,"minecraft:stone_bricks":2,"travelersbackpack:villager":2,"luckytntmod:gunpowder_ore":74},"minecraft:picked_up":{"minecraft:wheat":3,"minecraft:stone_slab":1,"minecraft:diamond_sword":1,"minecraft:oak_stairs":5,"minecraft:potion":4,"minecraft:enchanted_book":15,"minecraft:string":2,"minecraft:raw_copper":14,"minecraft:cooked_salmon":12,"minecraft:diamond_leggings":1,"minecraft:cobbled_deepslate":503,"minecraft:gold_nugget":38,"minecraft:spruce_planks":136,"minecraft:furnace":3,"minecraft:stick":276,"minecraft:composter":1,"minecraft:torch":21,"minecraft:diorite":45,"mutantmonsters:hulk_hammer":2,"minecraft:rotten_flesh":177,"minecraft:tropical_fish":10,"minecraft:obsidian":1,"adventurez:orc_skin":31,"minecraft:cod":7,"alexsmobs:flying_fish":1,"minecraft:cobblestone":802,"minecraft:iron_door":1,"minecraft:water_bucket":7,"minecraft:andesite":43,"minecraft:potato":1,"alexsmobs:bison_fur":1,"minecraft:flint":15,"minecraft:tuff":22,"minecraft:lapis_lazuli":48,"minecraft:dirt":4550,"minecraft:bone":5,"minecraft:stonecutter":1,"minecraft:wheat_seeds":79,"minecraft:raw_gold":2,"minecraft:grindstone":7,"minecraft:fletching_table":3,"minecraft:diamond_helmet":1,"minecraft:moss_block":2,"minecraft:oak_planks":281,"bosses_of_mass_destruction:crystal_fruit":2,"minecraft:sand":1009,"alexsmobs:animal_dictionary":1,"minecraft:barrel":6,"minecraft:sugar":3,"minecraft:diamond":12,"bossominium:the_bossdexium":1,"minecraft:granite":9,"minecraft:emerald":302,"minecraft:bread":101,"minecraft:oak_sapling":28,"minecraft:diamond_pickaxe":1,"minecraft:crafting_table":3,"travelersbackpack:villager":2,"minecraft:azure_bluet":2,"minecraft:leather_leggings":2,"minecraft:wooden_pickaxe":1,"minecraft:gold_block":14,"minecraft:flint_and_steel":4,"minecraft:cracked_stone_bricks":3,"minecraft:beef":10,"minecraft:poppy":2,"minecraft:lectern":17,"minecraft:sugar_cane":22,"minecraft:chest":10,"minecraft:egg":1,"minecraft:raw_iron":1,"minecraft:sandstone":14,"minecraft:fire_charge":4,"bosses_of_mass_destruction:void_thorn":2,"minecraft:carrot":16,"minecraft:prismarine_crystals":9,"luckytntmod:deepslate_uranium_ore":37,"minecraft:tnt":2,"minecraft:diamond_chestplate":1,"minecraft:arrow":74,"minecraft:cooked_cod":4,"minecraft:beetroot_seeds":1,"minecraft:diamond_boots":1,"minecraft:hay_block":10,"alexscaves:spelunkery_table":1,"minecraft:saddle":2,"minecraft:gold_ingot":6,"minecraft:mutton":6,"minecraft:white_wool":59,"minecraft:oxeye_daisy":2,"minecraft:salmon":11,"minecraft:oak_log":95,"minecraft:chainmail_chestplate":1,"minecraft:golden_boots":1,"minecraft:yellow_bed":4,"minecraft:gunpowder":1007,"minecraft:stone_bricks":2,"minecraft:apple":2,"minecraft:heart_of_the_sea":2,"minecraft:iron_ingot":37,"minecraft:book":564,"minecraft:oak_slab":3,"minecraft:quartz":92,"minecraft:dandelion":14,"minecraft:gravel":114,"minecraft:spruce_sapling":368,"minecraft:white_bed":42,"minecraft:spruce_log":3892,"minecraft:diamond_shovel":1,"hrbsdrills:drill":4,"minecraft:diamond_axe":1,"minecraft:baked_potato":1,"minecraft:coal":40},"minecraft:used":{"minecraft:moss_block":2,"bosses_of_mass_destruction:crystal_fruit":2,"minecraft:chest":13,"minecraft:stone":2,"hrbsdrills:drill":5,"minecraft:carrot":8,"minecraft:tuff":3,"minecraft:obsidian":1,"minecraft:villager_spawn_egg":7,"minecraft:iron_helmet":1,"mutantmonsters:hulk_hammer":14,"minecraft:furnace":5,"minecraft:cooked_cod":2,"minecraft:potato":2,"minecraft:diorite":16,"minecraft:stone_pickaxe":131,"minecraft:oak_planks":124,"minecraft:wooden_pickaxe":12,"minecraft:composter":1,"minecraft:sugar_cane":7,"minecraft:diamond_axe":3124,"minecraft:sand":20,"minecraft:blast_furnace":1,"minecraft:crossbow":188,"minecraft:bread":122,"minecraft:lectern":41,"minecraft:iron_door":1,"minecraft:gravel":49,"minecraft:diamond_sword":187,"minecraft:grindstone":8,"minecraft:smithing_table":1,"minecraft:andesite":6,"minecraft:trident":5,"minecraft:spruce_planks":2,"minecraft:cooked_salmon":5,"minecraft:stone_hoe":10,"minecraft:torch":47,"minecraft:brewing_stand":2,"minecraft:dirt":560,"minecraft:anvil":1,"minecraft:diamond_helmet":2,"minecraft:granite":4,"minecraft:bookshelf":187,"minecraft:barrel":3,"alexscaves:spelunkery_table":1,"minecraft:cooked_beef":2,"minecraft:cobbled_deepslate":67,"minecraft:enchanted_golden_apple":10,"minecraft:iron_leggings":1,"minecraft:wheat_seeds":21,"minecraft:cooked_mutton":5,"travelersbackpack:villager":17,"minecraft:fletching_table":23,"minecraft:stonecutter":1,"minecraft:crafting_table":5,"minecraft:white_bed":61,"minecraft:cod":6,"toolleveling:tool_leveling_table":1,"minecraft:spruce_log":4,"minecraft:oak_log":1,"minecraft:diamond_pickaxe":1034,"minecraft:apple":2,"minecraft:diamond_shovel":170,"minecraft:iron_pickaxe":84,"minecraft:stone_slab":2,"minecraft:spruce_sapling":205,"minecraft:stone_axe":130,"minecraft:cobblestone":16,"minecraft:magenta_glazed_terracotta":1,"minecraft:yellow_bed":4,"uncraftingtable76:uncraftingtable":1}},"DataVersion":3465}