{"stats":{"minecraft:broken":{"minecraft:diamond_helmet":1,"minecraft:leather_leggings":1,"minecraft:stone_pickaxe":1,"minecraft:diamond_boots":1,"minecraft:diamond_leggings":1},"minecraft:crafted":{"luckytntmod:nuclear_tnt":1,"minecraft:brick":320,"luckytntmod:lightning_tnt":1,"minecraft:grindstone":1,"minecraft:smooth_stone":6,"minecraft:oak_planks":332,"luckytntmod:dynamite":12,"luckytntmod:tnt_x5":241,"luckytntmod:hexahedron":1,"minecraft:stone":23,"minecraft:diamond_shovel":1,"minecraft:bookshelf":230,"minecraft:cooked_mutton":6,"minecraft:cake":1,"minecraft:quartz_block":12,"minecraft:glass":288,"minecraft:diamond_helmet":3,"minecraft:diamond_leggings":4,"luckytntmod:dynamite_x5":4,"luckytntmod:tnt_x100":12,"minecraft:chest":8,"minecraft:chiseled_stone_bricks":128,"minecraft:stone_hoe":13,"uncraftingtable76:uncraftingtable":1,"hrbsdrills:drillhead":1,"minecraft:emerald":1024,"minecraft:arrow":480,"minecraft:diamond_axe":4,"minecraft:crafting_table":3,"minecraft:spruce_planks":5476,"minecraft:wooden_pickaxe":1,"minecraft:iron_helmet":12,"minecraft:smithing_table":1,"minecraft:chainmail_chestplate":12,"hrbsdrills:engine":1,"minecraft:fletching_table":20,"minecraft:tnt":974,"minecraft:lectern":7,"minecraft:diamond_pickaxe":1,"minecraft:charcoal":18,"minecraft:stick":9036,"minecraft:stone_slab":6,"minecraft:iron_pickaxe":4,"luckytntmod:death_ray_ray":2,"minecraft:iron_block":8,"minecraft:shears":1,"minecraft:polished_andesite":64,"minecraft:redstone":48,"luckytntmod:tnt_x20":56,"luckytntmod:chemical_tnt":3,"minecraft:experience_bottle":24,"minecraft:furnace":4,"minecraft:blast_furnace":2,"luckytntmod:chemical_dynamite":4,"travelersbackpack:villager":3,"minecraft:flint_and_steel":2,"hrbsdrills:drill":1,"luckytntmod:cubic_tnt":3,"minecraft:lantern":180,"minecraft:iron_axe":40,"minecraft:spruce_slab":30,"minecraft:ender_pearl":24,"minecraft:stone_pickaxe":1,"minecraft:diamond_boots":3,"minecraft:redstone_block":5,"minecraft:wheat":90,"minecraft:cooked_beef":3,"minecraft:sugar":15,"luckytntmod:nuclear_dynamite":4,"minecraft:diamond_sword":1,"luckytntmod:chunk_tnt":1,"luckytntmod:uranium_ingot":24,"minecraft:iron_sword":1,"minecraft:bell":10,"minecraft:polished_granite":64,"minecraft:cooked_salmon":11,"minecraft:bucket":3,"minecraft:stone_axe":1,"minecraft:glowstone":24,"minecraft:enchanted_book":726,"minecraft:bread":1020,"minecraft:air":0,"minecraft:magenta_glazed_terracotta":1,"luckytntmod:tnt_x500":2,"minecraft:flint":60,"minecraft:iron_leggings":12,"minecraft:white_bed":19,"minecraft:torch":80,"minecraft:lapis_lazuli":24,"minecraft:diamond_chestplate":3},"minecraft:killed":{"minecraft:witch":4,"minecraft:spider":5,"minecraft:cod":2,"minecraft:skeleton":4,"ava:dark_blue_robot":10,"minecraft:pig":1,"minecraft:creeper":5,"minecraft:sheep":6,"minecraft:pillager":19,"minecraft:zombie":33,"minecraft:cow":2,"minecraft:evoker":3,"minecraft:vindicator":11,"alexsmobs:bison":1,"adventurez:orc":3,"bosses_of_mass_destruction:void_blossom":1,"minecraft:ravager":2,"mutantmonsters:mutant_zombie":3,"minecraft:villager":9},"minecraft:dropped":{"minecraft:moss_block":1,"minecraft:diamond_axe":1,"minecraft:baked_potato":1,"minecraft:glass_bottle":2,"minecraft:crossbow":4,"minecraft:lantern":72,"minecraft:cracked_stone_bricks":3,"minecraft:saddle":5,"alexsmobs:bison_fur":1,"minecraft:flint":3,"minecraft:emerald":2,"minecraft:dirt":210,"alexsmobs:flying_fish":1,"minecraft:gold_nugget":4,"minecraft:sand":11,"minecraft:sugar":3,"minecraft:white_wool":1,"minecraft:bone":1,"minecraft:stone_axe":2,"mutantmonsters:hulk_hammer":2,"minecraft:cobbled_deepslate":215,"minecraft:rotten_flesh":132,"minecraft:oak_planks":13,"minecraft:diamond_shovel":1,"minecraft:cooked_mutton":1,"minecraft:carrot":2,"minecraft:chainmail_chestplate":1,"minecraft:gunpowder":5,"minecraft:chainmail_boots":1,"minecraft:arrow":137,"minecraft:beef":7,"minecraft:glass":192,"minecraft:enchanted_book":136,"minecraft:iron_ingot":4,"minecraft:bread":711,"minecraft:oak_slab":3,"minecraft:wheat_seeds":21,"minecraft:diamond_leggings":3,"luckytntmod:uranium_ingot":1,"minecraft:book":6,"minecraft:cobblestone":382,"minecraft:prismarine_crystals":3,"minecraft:tropical_fish":5,"minecraft:coal":1,"minecraft:stick":40,"minecraft:diorite":40,"minecraft:diamond_helmet":1,"minecraft:oak_stairs":5,"minecraft:white_banner":1,"minecraft:iron_axe":1,"minecraft:string":15,"minecraft:spruce_sapling":1,"minecraft:redstone":1,"minecraft:raw_copper":37,"minecraft:tuff":14,"minecraft:totem_of_undying":1,"minecraft:diamond_sword":3,"bossominium:vex_wing":14,"minecraft:diamond_chestplate":3,"adventurez:orc_skin":8,"minecraft:diamond_pickaxe":1,"minecraft:andesite":27,"minecraft:oak_sapling":3,"minecraft:spider_eye":13,"minecraft:stone_bricks":2,"minecraft:spruce_log":144,"minecraft:diamond_boots":1,"minecraft:sandstone":168,"minecraft:raw_gold":2},"minecraft:custom":{"minecraft:interact_with_crafting_table":133,"minecraft:open_barrel":6,"minecraft:bell_ring":3,"minecraft:leave_game":54,"minecraft:time_since_death":55984,"minecraft:damage_resisted":2513,"minecraft:sprint_one_cm":1855573,"minecraft:drop":331,"minecraft:talked_to_villager":2511,"minecraft:play_time":947900,"minecraft:deaths":5,"minecraft:jump":12112,"minecraft:walk_on_water_one_cm":127327,"minecraft:interact_with_furnace":77,"minecraft:traded_with_villager":2209,"minecraft:interact_with_loom":2,"minecraft:sleep_in_bed":41,"minecraft:damage_dealt":37784,"minecraft:crouch_one_cm":70412,"minecraft:interact_with_smithing_table":4,"minecraft:interact_with_anvil":17,"minecraft:mob_kills":159,"minecraft:climb_one_cm":2866,"minecraft:walk_one_cm":1297807,"minecraft:raid_win":1,"minecraft:sneak_time":46509,"minecraft:walk_under_water_one_cm":44823,"minecraft:interact_with_blast_furnace":8,"minecraft:total_world_time":947900,"minecraft:raid_trigger":1,"minecraft:interact_with_grindstone":8,"minecraft:time_since_rest":6297,"minecraft:damage_taken":9103,"minecraft:damage_absorbed":1342,"minecraft:swim_one_cm":231736,"minecraft:fly_one_cm":2642118,"minecraft:open_chest":402,"minecraft:fall_one_cm":319919},"minecraft:mined":{"minecraft:spruce_planks":2,"minecraft:white_bed":42,"minecraft:granite":73,"minecraft:grass_block":127,"minecraft:composter":1,"luckytntmod:deepslate_uranium_ore":37,"minecraft:iron_ore":8,"minecraft:fire":2,"minecraft:barrel":6,"minecraft:fletching_table":3,"minecraft:dirt_path":9,"minecraft:oak_stairs":5,"minecraft:azalea":2,"minecraft:torch":18,"minecraft:chest":6,"minecraft:cobblestone":4,"minecraft:grindstone":7,"minecraft:sugar_cane":14,"minecraft:oak_planks":17,"minecraft:wall_torch":11,"minecraft:wheat":39,"minecraft:grass":40,"minecraft:oak_log":95,"minecraft:sand":44,"minecraft:dirt":222,"minecraft:stonecutter":1,"minecraft:oak_leaves":3,"minecraft:deepslate":565,"alexscaves:spelunkery_table":1,"minecraft:tuff":24,"minecraft:deepslate_diamond_ore":10,"luckytntmod:deepslate_gunpowder_ore":15,"minecraft:spruce_leaves":11,"minecraft:moss_block":4,"minecraft:sandstone":11,"minecraft:hay_block":10,"minecraft:spruce_sapling":2,"minecraft:furnace":3,"minecraft:carrots":2,"bosses_of_mass_destruction:void_blossom":19,"minecraft:andesite":300,"minecraft:bookshelf":212,"minecraft:potatoes":1,"minecraft:deepslate_iron_ore":1,"minecraft:vine":1,"minecraft:stone":1993,"minecraft:oak_slab":4,"minecraft:flowering_azalea":1,"minecraft:crafting_table":3,"minecraft:lectern":17,"minecraft:stone_slab":1,"minecraft:tall_grass":3,"minecraft:copper_ore":15,"minecraft:lapis_ore":1,"minecraft:deepslate_gold_ore":1,"minecraft:diorite":105,"minecraft:spruce_log":2804,"minecraft:yellow_bed":4,"minecraft:coal_ore":37,"minecraft:gravel":23,"minecraft:cracked_stone_bricks":3,"minecraft:stone_bricks":2,"minecraft:gold_ore":6,"travelersbackpack:villager":2,"luckytntmod:gunpowder_ore":443,"luckytntmod:uranium_ore":1},"minecraft:picked_up":{"minecraft:wheat":3,"minecraft:chainmail_boots":1,"minecraft:stone_slab":1,"minecraft:diamond_sword":7,"minecraft:oak_stairs":5,"minecraft:potion":4,"minecraft:enchanted_book":128,"minecraft:string":5,"minecraft:raw_copper":51,"minecraft:cooked_salmon":12,"minecraft:diamond_leggings":5,"minecraft:cobbled_deepslate":503,"minecraft:gold_nugget":38,"minecraft:spruce_planks":136,"minecraft:furnace":3,"minecraft:stick":288,"minecraft:composter":1,"minecraft:torch":98,"minecraft:diorite":67,"mutantmonsters:hulk_hammer":5,"minecraft:rotten_flesh":221,"minecraft:tropical_fish":10,"minecraft:obsidian":1,"adventurez:orc_skin":31,"minecraft:cod":7,"alexsmobs:flying_fish":1,"minecraft:cobblestone":1209,"minecraft:warped_fungus_on_a_stick":4,"minecraft:iron_door":1,"minecraft:water_bucket":13,"minecraft:andesite":80,"minecraft:potato":1,"alexsmobs:bison_fur":1,"minecraft:flint":15,"minecraft:tuff":22,"minecraft:lapis_lazuli":48,"minecraft:dirt":4586,"minecraft:bone":5,"minecraft:stonecutter":1,"minecraft:wheat_seeds":79,"minecraft:raw_gold":2,"minecraft:grindstone":7,"luckytntmod:uranium_ore":1,"minecraft:fletching_table":3,"minecraft:diamond_helmet":3,"minecraft:moss_block":2,"minecraft:oak_planks":281,"bosses_of_mass_destruction:crystal_fruit":2,"luckytntmod:antimatter":1,"minecraft:sand":6602,"minecraft:barrel":6,"alexsmobs:animal_dictionary":1,"minecraft:sugar":3,"minecraft:diamond":12,"bossominium:the_bossdexium":1,"minecraft:crossbow":6,"minecraft:granite":9,"minecraft:emerald":559,"minecraft:bread":606,"minecraft:oak_sapling":30,"minecraft:diamond_pickaxe":3,"minecraft:crafting_table":3,"travelersbackpack:villager":7,"minecraft:azure_bluet":2,"minecraft:leather_leggings":2,"minecraft:wooden_pickaxe":1,"minecraft:gold_block":14,"minecraft:iron_axe":1,"minecraft:flint_and_steel":4,"minecraft:cracked_stone_bricks":3,"minecraft:beef":10,"minecraft:poppy":2,"bossominium:vex_wing":19,"minecraft:lectern":17,"minecraft:chest":10,"minecraft:sugar_cane":22,"minecraft:egg":1,"minecraft:raw_iron":1,"minecraft:sandstone":168,"minecraft:stone":16,"minecraft:fire_charge":4,"bosses_of_mass_destruction:void_thorn":2,"minecraft:carrot":16,"minecraft:redstone":1,"minecraft:prismarine_crystals":9,"luckytntmod:deepslate_uranium_ore":37,"minecraft:tnt":2,"minecraft:arrow":74,"minecraft:diamond_chestplate":8,"minecraft:cooked_cod":4,"minecraft:beetroot_seeds":1,"minecraft:diamond_boots":3,"minecraft:hay_block":10,"alexscaves:spelunkery_table":1,"minecraft:totem_of_undying":6,"minecraft:saddle":13,"minecraft:gold_ingot":6,"minecraft:mutton":6,"minecraft:white_wool":59,"minecraft:oxeye_daisy":2,"minecraft:salmon":11,"minecraft:oak_log":95,"minecraft:chainmail_chestplate":1,"minecraft:golden_boots":1,"minecraft:yellow_bed":4,"minecraft:gunpowder":5080,"minecraft:white_banner":11,"minecraft:apple":2,"minecraft:stone_bricks":2,"minecraft:heart_of_the_sea":2,"minecraft:iron_ingot":41,"luckytntmod:uranium_ingot":1,"minecraft:glass_bottle":2,"minecraft:book":636,"minecraft:oak_slab":3,"minecraft:quartz":92,"minecraft:dandelion":14,"minecraft:gravel":114,"minecraft:spruce_sapling":368,"minecraft:white_bed":42,"minecraft:spruce_log":3892,"minecraft:spider_eye":13,"minecraft:diamond_shovel":5,"minecraft:stone_axe":1,"hrbsdrills:drill":5,"minecraft:diamond_axe":2,"minecraft:baked_potato":1,"minecraft:coal":188},"minecraft:killed_by":{"minecraft:vex":1},"minecraft:used":{"minecraft:moss_block":2,"bosses_of_mass_destruction:crystal_fruit":2,"minecraft:chest":13,"minecraft:stone":2,"hrbsdrills:drill":6,"minecraft:carrot":8,"minecraft:tuff":3,"minecraft:obsidian":1,"minecraft:villager_spawn_egg":7,"minecraft:iron_helmet":1,"mutantmonsters:hulk_hammer":14,"minecraft:furnace":5,"minecraft:cooked_cod":2,"minecraft:potato":2,"minecraft:diorite":16,"minecraft:diamond_boots":1,"minecraft:warped_fungus_on_a_stick":7,"luckytntmod:uranium_ore":1,"minecraft:stone_pickaxe":131,"minecraft:oak_planks":124,"minecraft:wooden_pickaxe":28,"minecraft:composter":1,"minecraft:sugar_cane":7,"minecraft:diamond_axe":3152,"minecraft:sand":23,"minecraft:blast_furnace":1,"minecraft:crossbow":188,"minecraft:bread":177,"minecraft:lectern":41,"minecraft:iron_door":1,"minecraft:gravel":49,"minecraft:diamond_sword":313,"minecraft:grindstone":8,"minecraft:smithing_table":1,"minecraft:andesite":6,"minecraft:experience_bottle":24,"minecraft:trident":5,"minecraft:flint_and_steel":2,"minecraft:spruce_planks":23,"minecraft:cooked_salmon":5,"minecraft:stone_hoe":10,"minecraft:torch":88,"minecraft:brewing_stand":2,"minecraft:dirt":592,"minecraft:anvil":1,"minecraft:diamond_helmet":3,"minecraft:granite":4,"minecraft:bookshelf":211,"minecraft:totem_of_undying":1,"minecraft:barrel":3,"minecraft:diamond_chestplate":2,"alexscaves:spelunkery_table":1,"minecraft:cooked_beef":2,"minecraft:cobbled_deepslate":67,"minecraft:enchanted_golden_apple":10,"minecraft:iron_leggings":1,"minecraft:wheat_seeds":21,"minecraft:cooked_mutton":5,"luckytntmod:chunk_tnt":1,"minecraft:water_bucket":3,"travelersbackpack:villager":19,"minecraft:fletching_table":23,"minecraft:stonecutter":1,"minecraft:crafting_table":5,"minecraft:white_bed":61,"minecraft:cod":6,"toolleveling:tool_leveling_table":1,"minecraft:spruce_log":4,"minecraft:oak_log":1,"minecraft:diamond_pickaxe":3462,"minecraft:apple":2,"minecraft:diamond_shovel":170,"minecraft:iron_pickaxe":84,"minecraft:stone_slab":2,"minecraft:spruce_sapling":205,"minecraft:stone_axe":130,"minecraft:cobblestone":18,"minecraft:white_banner":2,"minecraft:bucket":9,"minecraft:magenta_glazed_terracotta":1,"minecraft:yellow_bed":4,"uncraftingtable76:uncraftingtable":1}},"DataVersion":3465}