{"stats":{"minecraft:crafted":{"minecraft:brick":320,"minecraft:grindstone":1,"minecraft:smooth_stone":6,"minecraft:oak_planks":332,"minecraft:redstone":48,"minecraft:furnace":3,"minecraft:blast_furnace":2,"minecraft:stone":11,"minecraft:diamond_shovel":1,"minecraft:cooked_mutton":6,"minecraft:flint_and_steel":1,"hrbsdrills:drill":1,"minecraft:quartz_block":12,"minecraft:diamond_helmet":1,"minecraft:diamond_leggings":1,"minecraft:iron_axe":40,"minecraft:ender_pearl":24,"minecraft:stone_pickaxe":1,"minecraft:chest":2,"minecraft:diamond_boots":1,"minecraft:redstone_block":5,"minecraft:chiseled_stone_bricks":128,"minecraft:stone_hoe":13,"uncraftingtable76:uncraftingtable":1,"minecraft:wheat":90,"minecraft:cooked_beef":3,"hrbsdrills:drillhead":1,"minecraft:diamond_sword":1,"minecraft:emerald":47,"minecraft:diamond_axe":4,"minecraft:crafting_table":2,"minecraft:spruce_planks":296,"minecraft:wooden_pickaxe":1,"minecraft:iron_helmet":12,"minecraft:iron_sword":1,"minecraft:bell":10,"hrbsdrills:engine":1,"minecraft:chainmail_chestplate":12,"minecraft:smithing_table":1,"minecraft:cooked_salmon":11,"minecraft:polished_granite":64,"minecraft:fletching_table":6,"minecraft:stone_axe":1,"minecraft:glowstone":24,"minecraft:bread":444,"minecraft:air":0,"minecraft:magenta_glazed_terracotta":1,"minecraft:diamond_pickaxe":1,"minecraft:stick":60,"minecraft:stone_slab":6,"minecraft:iron_pickaxe":4,"minecraft:iron_block":8,"minecraft:iron_leggings":12,"minecraft:white_bed":19,"minecraft:torch":8,"minecraft:shears":1,"minecraft:lapis_lazuli":24,"minecraft:diamond_chestplate":1,"minecraft:polished_andesite":64},"minecraft:killed":{"minecraft:sheep":4,"minecraft:zombie":1,"minecraft:cow":2},"minecraft:picked_up":{"minecraft:crafting_table":3,"minecraft:azure_bluet":1,"minecraft:leather_leggings":1,"minecraft:stone_slab":1,"minecraft:diamond_sword":1,"minecraft:wooden_pickaxe":1,"minecraft:gold_block":7,"minecraft:potion":4,"minecraft:raw_copper":10,"minecraft:cooked_salmon":12,"minecraft:flint_and_steel":4,"minecraft:cracked_stone_bricks":3,"minecraft:diamond_leggings":1,"minecraft:cobbled_deepslate":55,"minecraft:gold_nugget":38,"minecraft:spruce_planks":61,"minecraft:beef":3,"minecraft:poppy":1,"minecraft:sugar_cane":7,"minecraft:chest":7,"minecraft:furnace":3,"minecraft:stick":115,"minecraft:composter":1,"minecraft:torch":19,"minecraft:fire_charge":4,"minecraft:diorite":16,"minecraft:carrot":4,"minecraft:prismarine_crystals":9,"minecraft:tnt":2,"minecraft:diamond_chestplate":1,"minecraft:cooked_cod":4,"minecraft:tropical_fish":10,"minecraft:beetroot_seeds":1,"minecraft:diamond_boots":1,"minecraft:hay_block":10,"minecraft:gold_ingot":6,"minecraft:obsidian":1,"minecraft:mutton":6,"minecraft:cod":7,"minecraft:white_wool":59,"minecraft:cobblestone":180,"minecraft:oxeye_daisy":2,"minecraft:iron_door":1,"minecraft:andesite":6,"minecraft:water_bucket":7,"minecraft:salmon":11,"minecraft:potato":1,"minecraft:flint":12,"minecraft:oak_log":84,"minecraft:yellow_bed":4,"minecraft:golden_boots":1,"minecraft:gunpowder":5,"minecraft:lapis_lazuli":24,"minecraft:dirt":1247,"minecraft:bone":4,"minecraft:stone_bricks":2,"minecraft:apple":2,"minecraft:stonecutter":1,"minecraft:wheat_seeds":37,"minecraft:heart_of_the_sea":2,"minecraft:grindstone":7,"minecraft:iron_ingot":37,"minecraft:diamond_helmet":1,"minecraft:oak_planks":244,"minecraft:quartz":46,"minecraft:dandelion":7,"minecraft:gravel":114,"minecraft:sand":20,"minecraft:spruce_sapling":81,"minecraft:white_bed":20,"minecraft:spruce_log":681,"minecraft:barrel":6,"alexsmobs:animal_dictionary":1,"minecraft:diamond_shovel":1,"minecraft:diamond":12,"bossominium:the_bossdexium":1,"hrbsdrills:drill":3,"minecraft:granite":5,"minecraft:diamond_axe":1,"minecraft:emerald":302,"minecraft:bread":101,"minecraft:oak_sapling":28,"minecraft:coal":7,"minecraft:diamond_pickaxe":1},"minecraft:used":{"minecraft:chest":6,"minecraft:stone":2,"minecraft:cooked_salmon":5,"minecraft:stone_hoe":10,"minecraft:torch":18,"minecraft:brewing_stand":2,"hrbsdrills:drill":3,"minecraft:dirt":101,"minecraft:carrot":5,"minecraft:obsidian":1,"minecraft:villager_spawn_egg":2,"minecraft:iron_helmet":1,"minecraft:barrel":3,"minecraft:cooked_cod":2,"minecraft:furnace":4,"minecraft:cooked_beef":2,"minecraft:potato":2,"minecraft:cobbled_deepslate":55,"minecraft:iron_leggings":1,"minecraft:wheat_seeds":18,"minecraft:cooked_mutton":5,"minecraft:diorite":16,"minecraft:stone_pickaxe":131,"minecraft:oak_planks":124,"minecraft:wooden_pickaxe":11,"minecraft:composter":1,"minecraft:fletching_table":6,"minecraft:stonecutter":1,"minecraft:sugar_cane":7,"minecraft:diamond_axe":662,"minecraft:crafting_table":4,"minecraft:blast_furnace":1,"minecraft:white_bed":39,"minecraft:cod":6,"minecraft:spruce_log":2,"minecraft:oak_log":1,"minecraft:diamond_pickaxe":7,"minecraft:apple":2,"minecraft:diamond_shovel":66,"minecraft:bread":23,"minecraft:iron_pickaxe":84,"minecraft:stone_slab":2,"minecraft:gravel":49,"minecraft:iron_door":1,"minecraft:spruce_sapling":82,"minecraft:stone_axe":130,"minecraft:diamond_sword":1,"minecraft:cobblestone":11,"minecraft:grindstone":8,"minecraft:smithing_table":1,"minecraft:andesite":6,"minecraft:magenta_glazed_terracotta":1,"minecraft:yellow_bed":4,"uncraftingtable76:uncraftingtable":1},"minecraft:mined":{"minecraft:white_bed":20,"minecraft:deepslate_diamond_ore":10,"minecraft:granite":5,"minecraft:grass_block":33,"minecraft:spruce_leaves":5,"minecraft:composter":1,"minecraft:hay_block":10,"minecraft:spruce_sapling":2,"minecraft:furnace":3,"minecraft:carrots":2,"minecraft:fire":1,"minecraft:barrel":6,"minecraft:andesite":6,"minecraft:potatoes":1,"minecraft:vine":1,"minecraft:dirt_path":5,"minecraft:stone":95,"minecraft:crafting_table":3,"minecraft:torch":9,"minecraft:chest":4,"minecraft:stone_slab":1,"minecraft:copper_ore":1,"minecraft:cobblestone":4,"minecraft:grindstone":7,"minecraft:sugar_cane":4,"minecraft:oak_planks":4,"minecraft:diorite":16,"minecraft:wall_torch":3,"minecraft:wheat":36,"minecraft:spruce_log":644,"minecraft:yellow_bed":4,"minecraft:grass":9,"minecraft:oak_log":84,"minecraft:coal_ore":2,"minecraft:gravel":19,"minecraft:sand":2,"minecraft:dirt":92,"minecraft:cracked_stone_bricks":3,"minecraft:stonecutter":1,"minecraft:stone_bricks":2,"minecraft:oak_leaves":3,"minecraft:deepslate":55,"luckytntmod:gunpowder_ore":1},"minecraft:dropped":{"minecraft:bread":335,"minecraft:wheat_seeds":5,"minecraft:cobblestone":15,"minecraft:prismarine_crystals":3,"minecraft:cracked_stone_bricks":3,"minecraft:tropical_fish":5,"minecraft:dirt":136,"minecraft:sand":2,"minecraft:white_wool":1,"minecraft:stone_axe":1,"minecraft:cooked_mutton":1,"minecraft:carrot":1,"minecraft:oak_sapling":2,"minecraft:stone_bricks":2,"minecraft:spruce_log":37},"minecraft:broken":{"minecraft:stone_pickaxe":1},"minecraft:custom":{"minecraft:interact_with_smithing_table":4,"minecraft:mob_kills":7,"minecraft:interact_with_crafting_table":80,"minecraft:open_barrel":6,"minecraft:bell_ring":1,"minecraft:leave_game":5,"minecraft:time_since_death":47488,"minecraft:climb_one_cm":240,"minecraft:sprint_one_cm":449777,"minecraft:walk_one_cm":293354,"minecraft:drop":30,"minecraft:talked_to_villager":88,"minecraft:play_time":174531,"minecraft:deaths":1,"minecraft:sneak_time":4165,"minecraft:walk_under_water_one_cm":9272,"minecraft:jump":3699,"minecraft:interact_with_blast_furnace":1,"minecraft:walk_on_water_one_cm":15150,"minecraft:total_world_time":174531,"minecraft:interact_with_furnace":60,"minecraft:traded_with_villager":432,"minecraft:interact_with_grindstone":5,"minecraft:sleep_in_bed":12,"minecraft:time_since_rest":10431,"minecraft:damage_taken":1594,"minecraft:damage_dealt":799,"minecraft:swim_one_cm":32824,"minecraft:fly_one_cm":696590,"minecraft:open_chest":114,"minecraft:crouch_one_cm":15999,"minecraft:fall_one_cm":115853}},"DataVersion":3465}