{"stats":{"minecraft:crafted":{"minecraft:brick":320,"minecraft:grindstone":1,"minecraft:smooth_stone":6,"minecraft:oak_planks":332,"minecraft:redstone":48,"minecraft:furnace":4,"minecraft:blast_furnace":2,"minecraft:stone":11,"minecraft:diamond_shovel":1,"minecraft:bookshelf":55,"travelersbackpack:villager":2,"minecraft:cooked_mutton":6,"minecraft:flint_and_steel":1,"hrbsdrills:drill":1,"minecraft:quartz_block":12,"minecraft:glass":48,"minecraft:lantern":36,"minecraft:diamond_helmet":1,"minecraft:diamond_leggings":1,"minecraft:iron_axe":40,"minecraft:spruce_slab":18,"minecraft:ender_pearl":24,"minecraft:stone_pickaxe":1,"minecraft:chest":8,"minecraft:diamond_boots":1,"minecraft:redstone_block":5,"minecraft:chiseled_stone_bricks":128,"minecraft:stone_hoe":13,"uncraftingtable76:uncraftingtable":1,"minecraft:wheat":90,"minecraft:cooked_beef":3,"hrbsdrills:drillhead":1,"minecraft:diamond_sword":1,"minecraft:emerald":58,"minecraft:diamond_axe":4,"minecraft:crafting_table":3,"minecraft:spruce_planks":732,"minecraft:wooden_pickaxe":1,"minecraft:iron_helmet":12,"minecraft:iron_sword":1,"minecraft:bell":10,"hrbsdrills:engine":1,"minecraft:chainmail_chestplate":12,"minecraft:smithing_table":1,"minecraft:polished_granite":64,"minecraft:cooked_salmon":11,"minecraft:fletching_table":20,"minecraft:enchanted_book":28,"minecraft:stone_axe":1,"minecraft:glowstone":24,"minecraft:bread":732,"minecraft:air":0,"minecraft:magenta_glazed_terracotta":1,"minecraft:lectern":4,"minecraft:charcoal":18,"minecraft:diamond_pickaxe":1,"minecraft:stick":60,"minecraft:stone_slab":6,"minecraft:flint":60,"minecraft:iron_pickaxe":4,"minecraft:iron_block":8,"minecraft:iron_leggings":12,"minecraft:white_bed":19,"minecraft:torch":80,"minecraft:shears":1,"minecraft:lapis_lazuli":24,"minecraft:diamond_chestplate":1,"minecraft:polished_andesite":64},"minecraft:killed":{"minecraft:sheep":4,"minecraft:zombie":2,"minecraft:villager":1,"minecraft:cow":2},"minecraft:picked_up":{"minecraft:crafting_table":3,"minecraft:azure_bluet":2,"minecraft:leather_leggings":1,"minecraft:stone_slab":1,"minecraft:diamond_sword":1,"minecraft:wooden_pickaxe":1,"minecraft:gold_block":14,"minecraft:potion":4,"minecraft:raw_copper":14,"minecraft:cooked_salmon":12,"minecraft:flint_and_steel":4,"minecraft:cracked_stone_bricks":3,"minecraft:diamond_leggings":1,"minecraft:cobbled_deepslate":55,"minecraft:gold_nugget":38,"minecraft:spruce_planks":136,"minecraft:beef":3,"minecraft:poppy":2,"minecraft:lectern":4,"minecraft:sugar_cane":7,"minecraft:chest":8,"minecraft:furnace":3,"minecraft:stick":165,"minecraft:composter":1,"minecraft:torch":19,"minecraft:fire_charge":4,"minecraft:diorite":16,"minecraft:carrot":14,"minecraft:prismarine_crystals":9,"minecraft:tnt":2,"minecraft:rotten_flesh":2,"minecraft:diamond_chestplate":1,"minecraft:cooked_cod":4,"minecraft:tropical_fish":10,"minecraft:beetroot_seeds":1,"minecraft:diamond_boots":1,"minecraft:hay_block":10,"minecraft:gold_ingot":6,"minecraft:obsidian":1,"minecraft:mutton":6,"minecraft:cod":7,"minecraft:white_wool":59,"minecraft:cobblestone":533,"minecraft:oxeye_daisy":2,"minecraft:iron_door":1,"minecraft:andesite":6,"minecraft:water_bucket":7,"minecraft:salmon":11,"minecraft:potato":1,"minecraft:flint":12,"minecraft:oak_log":84,"minecraft:yellow_bed":4,"minecraft:golden_boots":1,"minecraft:gunpowder":5,"minecraft:lapis_lazuli":48,"minecraft:dirt":4425,"minecraft:bone":4,"minecraft:apple":2,"minecraft:stone_bricks":2,"minecraft:stonecutter":1,"minecraft:wheat_seeds":65,"minecraft:heart_of_the_sea":2,"minecraft:grindstone":7,"minecraft:iron_ingot":37,"minecraft:fletching_table":3,"minecraft:diamond_helmet":1,"minecraft:oak_planks":268,"minecraft:book":108,"minecraft:quartz":92,"minecraft:dandelion":14,"minecraft:gravel":114,"minecraft:sand":37,"minecraft:spruce_sapling":218,"minecraft:white_bed":42,"minecraft:spruce_log":2325,"minecraft:barrel":6,"alexsmobs:animal_dictionary":1,"minecraft:diamond_shovel":1,"minecraft:diamond":12,"bossominium:the_bossdexium":1,"hrbsdrills:drill":4,"minecraft:granite":5,"minecraft:diamond_axe":1,"minecraft:emerald":302,"minecraft:bread":101,"minecraft:oak_sapling":28,"minecraft:coal":33,"minecraft:diamond_pickaxe":1},"minecraft:used":{"minecraft:spruce_planks":2,"minecraft:chest":13,"minecraft:stone":2,"minecraft:cooked_salmon":5,"minecraft:stone_hoe":10,"minecraft:torch":28,"minecraft:brewing_stand":2,"minecraft:dirt":271,"hrbsdrills:drill":4,"minecraft:carrot":5,"minecraft:obsidian":1,"minecraft:bookshelf":36,"minecraft:villager_spawn_egg":4,"minecraft:iron_helmet":1,"minecraft:barrel":3,"minecraft:cooked_cod":2,"minecraft:furnace":5,"minecraft:potato":2,"minecraft:cooked_beef":2,"minecraft:cobbled_deepslate":55,"minecraft:iron_leggings":1,"minecraft:wheat_seeds":18,"minecraft:cooked_mutton":5,"minecraft:diorite":16,"travelersbackpack:villager":1,"minecraft:stone_pickaxe":131,"minecraft:oak_planks":124,"minecraft:wooden_pickaxe":11,"minecraft:composter":1,"minecraft:sugar_cane":7,"minecraft:diamond_axe":1365,"minecraft:fletching_table":23,"minecraft:stonecutter":1,"minecraft:sand":17,"minecraft:crafting_table":5,"minecraft:blast_furnace":1,"toolleveling:tool_leveling_table":1,"minecraft:white_bed":61,"minecraft:cod":6,"minecraft:spruce_log":4,"minecraft:oak_log":1,"minecraft:diamond_pickaxe":12,"minecraft:apple":2,"minecraft:diamond_shovel":146,"minecraft:bread":46,"minecraft:iron_pickaxe":84,"minecraft:lectern":6,"minecraft:stone_slab":2,"minecraft:gravel":49,"minecraft:iron_door":1,"minecraft:spruce_sapling":113,"minecraft:stone_axe":130,"minecraft:diamond_sword":4,"minecraft:cobblestone":11,"minecraft:grindstone":8,"minecraft:smithing_table":1,"minecraft:andesite":6,"minecraft:magenta_glazed_terracotta":1,"minecraft:yellow_bed":4,"uncraftingtable76:uncraftingtable":1},"minecraft:mined":{"minecraft:spruce_planks":2,"minecraft:white_bed":42,"minecraft:deepslate_diamond_ore":10,"minecraft:granite":5,"minecraft:grass_block":89,"minecraft:spruce_leaves":6,"minecraft:composter":1,"minecraft:hay_block":10,"minecraft:spruce_sapling":2,"minecraft:furnace":3,"minecraft:carrots":2,"minecraft:fire":1,"minecraft:barrel":6,"minecraft:andesite":6,"minecraft:fletching_table":3,"minecraft:bookshelf":36,"minecraft:potatoes":1,"minecraft:vine":1,"minecraft:dirt_path":8,"minecraft:stone":100,"minecraft:crafting_table":3,"minecraft:torch":9,"minecraft:chest":4,"minecraft:lectern":4,"minecraft:stone_slab":1,"minecraft:copper_ore":1,"minecraft:cobblestone":4,"minecraft:grindstone":7,"minecraft:sugar_cane":4,"minecraft:oak_planks":4,"minecraft:diorite":16,"minecraft:wall_torch":3,"minecraft:wheat":36,"minecraft:spruce_log":1290,"minecraft:yellow_bed":4,"minecraft:grass":16,"minecraft:oak_log":84,"minecraft:coal_ore":2,"minecraft:gravel":19,"minecraft:sand":19,"minecraft:dirt":156,"minecraft:cracked_stone_bricks":3,"minecraft:stonecutter":1,"minecraft:stone_bricks":2,"minecraft:oak_leaves":3,"minecraft:deepslate":55,"luckytntmod:gunpowder_ore":1},"minecraft:dropped":{"minecraft:bread":616,"minecraft:wheat_seeds":5,"minecraft:cobblestone":15,"minecraft:prismarine_crystals":3,"minecraft:cracked_stone_bricks":3,"minecraft:tropical_fish":5,"minecraft:dirt":136,"minecraft:sand":2,"minecraft:white_wool":1,"minecraft:stone_axe":1,"minecraft:cooked_mutton":1,"minecraft:carrot":1,"minecraft:oak_sapling":2,"minecraft:stone_bricks":2,"minecraft:spruce_log":37},"minecraft:broken":{"minecraft:stone_pickaxe":1},"minecraft:custom":{"minecraft:interact_with_smithing_table":4,"minecraft:mob_kills":9,"minecraft:interact_with_crafting_table":87,"minecraft:open_barrel":6,"minecraft:bell_ring":2,"minecraft:leave_game":9,"minecraft:time_since_death":139849,"minecraft:climb_one_cm":240,"minecraft:sprint_one_cm":682376,"minecraft:walk_one_cm":468602,"minecraft:drop":36,"minecraft:talked_to_villager":244,"minecraft:play_time":266892,"minecraft:deaths":1,"minecraft:sneak_time":11956,"minecraft:walk_under_water_one_cm":10382,"minecraft:jump":5008,"minecraft:interact_with_blast_furnace":1,"minecraft:walk_on_water_one_cm":18099,"minecraft:total_world_time":266892,"minecraft:interact_with_furnace":67,"minecraft:traded_with_villager":630,"minecraft:interact_with_grindstone":5,"minecraft:sleep_in_bed":16,"minecraft:time_since_rest":31294,"minecraft:damage_taken":2290,"minecraft:damage_dealt":1199,"minecraft:swim_one_cm":33153,"minecraft:fly_one_cm":890503,"minecraft:open_chest":180,"minecraft:crouch_one_cm":32013,"minecraft:fall_one_cm":148552}},"DataVersion":3465}