{"stats":{"minecraft:broken":{"minecraft:diamond_helmet":1,"minecraft:leather_leggings":1,"minecraft:stone_pickaxe":1,"minecraft:diamond_boots":1,"minecraft:diamond_leggings":1},"minecraft:crafted":{"luckytntmod:nuclear_tnt":1,"minecraft:brick":320,"luckytntmod:lightning_tnt":1,"minecraft:grindstone":1,"minecraft:smooth_stone":7,"minecraft:oak_planks":380,"luckytntmod:dynamite":20,"luckytntmod:tnt_x5":649,"luckytntmod:hexahedron":1,"minecraft:stone":26,"minecraft:diamond_shovel":1,"stalwart_dungeons:tungsten_helmet":1,"minecraft:bookshelf":230,"minecraft:cooked_mutton":6,"minecraft:cake":1,"minecraft:quartz_block":12,"minecraft:glass":336,"minecraft:diamond_helmet":6,"minecraft:diamond_leggings":5,"luckytntmod:dynamite_x5":12,"minecraft:chest":31,"luckytntmod:tnt_x100":38,"minecraft:netherite_upgrade_smithing_template":104,"minecraft:chiseled_stone_bricks":128,"minecraft:stone_hoe":13,"uncraftingtable76:uncraftingtable":2,"stalwart_dungeons:tungsten_hammer":1,"hrbsdrills:drillhead":1,"travelersbackpack:iron_tier_upgrade":2,"minecraft:emerald":1024,"minecraft:arrow":480,"luckytntmod:tnt_x2000":2,"minecraft:diamond_axe":4,"minecraft:crafting_table":4,"minecraft:spruce_planks":5548,"minecraft:wooden_pickaxe":1,"minecraft:iron_helmet":12,"hrbsdrills:engine":1,"minecraft:chainmail_chestplate":12,"minecraft:smithing_table":1,"minecraft:fletching_table":20,"minecraft:tnt":2609,"minecraft:lectern":7,"minecraft:diamond_pickaxe":1,"minecraft:charcoal":18,"minecraft:stick":9036,"minecraft:stone_slab":6,"advancednetherite:netherite_diamond_ingot":6,"minecraft:iron_pickaxe":4,"luckytntmod:death_ray_ray":2,"minecraft:iron_block":8,"minecraft:gold_ingot":341,"minecraft:netherite_ingot":41,"minecraft:shears":1,"minecraft:polished_andesite":64,"minecraft:redstone":48,"luckytntmod:tnt_x20":155,"luckytntmod:chemical_tnt":3,"minecraft:experience_bottle":48,"minecraft:furnace":4,"minecraft:blast_furnace":2,"luckytntmod:chemical_dynamite":4,"luckytntmod:dynamite_x100":4,"travelersbackpack:gold_tier_upgrade":2,"travelersbackpack:blank_upgrade":16,"travelersbackpack:villager":8,"minecraft:flint_and_steel":3,"luckytntmod:cubic_tnt":3,"hrbsdrills:drill":1,"minecraft:netherite_chestplate":1,"minecraft:lantern":180,"minecraft:iron_axe":40,"minecraft:spruce_slab":30,"minecraft:ender_pearl":24,"luckytntmod:dynamite_x20":4,"minecraft:stone_pickaxe":1,"minecraft:diamond_boots":6,"minecraft:redstone_block":5,"travelersbackpack:diamond_tier_upgrade":2,"minecraft:wheat":90,"advancednetherite:netherite_emerald_ingot":11,"stalwart_dungeons:tungsten_ingot":27,"minecraft:cooked_beef":3,"minecraft:sugar":15,"advancednetherite:netherite_iron_ingot":21,"luckytntmod:nuclear_dynamite":4,"minecraft:diamond_sword":1,"advancednetherite:netherite_gold_ingot":16,"travelersbackpack:backpack_tank":8,"luckytntmod:uranium_ingot":37,"luckytntmod:chunk_tnt":1,"minecraft:iron_sword":1,"minecraft:bell":10,"minecraft:polished_granite":64,"minecraft:cooked_salmon":11,"minecraft:bucket":3,"minecraft:stone_axe":1,"minecraft:glowstone":24,"minecraft:enchanted_book":726,"minecraft:bread":1020,"minecraft:air":0,"minecraft:magenta_glazed_terracotta":1,"stalwart_dungeons:tungsten_shield":1,"luckytntmod:tnt_x500":8,"minecraft:flint":60,"minecraft:iron_leggings":12,"minecraft:white_bed":19,"minecraft:torch":80,"minecraft:lapis_lazuli":24,"minecraft:diamond_chestplate":5},"minecraft:killed":{"minecraft:witch":8,"minecraft:spider":5,"minecraft:cod":2,"minecraft:skeleton":9,"adventurez:blaze_guardian":1,"minecraft:piglin_brute":7,"minecraft:piglin":20,"ava:dark_blue_robot":10,"minecraft:pig":1,"minecraft:creeper":5,"alexsmobs:crimson_mosquito":7,"minecraft:sheep":8,"minecraft:pillager":40,"minecraft:zombie":34,"stalwart_dungeons:incomplete_wither":3,"minecraft:cow":2,"minecraft:evoker":4,"minecraft:vex":1,"alexsmobs:raccoon":1,"minecraft:vindicator":26,"minecraft:horse":4,"alexsmobs:bison":1,"adventurez:orc":3,"betternether:naga":3,"stalwart_dungeons:reinforced_blaze":16,"bosses_of_mass_destruction:void_blossom":1,"minecraft:ravager":7,"minecraft:hoglin":5,"mutantmonsters:mutant_zombie":3,"minecraft:villager":9},"minecraft:dropped":{"minecraft:crimson_nylium":5,"minecraft:soul_sand":19,"minecraft:moss_block":1,"stalwart_dungeons:soul_magma_bricks":14,"minecraft:lapis_lazuli":528,"minecraft:diamond_axe":1,"minecraft:baked_potato":1,"minecraft:glass_bottle":2,"minecraft:crossbow":6,"minecraft:lantern":72,"minecraft:cracked_stone_bricks":3,"minecraft:saddle":5,"alexsmobs:bison_fur":1,"minecraft:emerald":4,"minecraft:flint":3,"minecraft:gold_block":1,"minecraft:cracked_polished_blackstone_bricks":3,"minecraft:dirt":212,"travelersbackpack:villager":1,"alexsmobs:flying_fish":1,"minecraft:snout_armor_trim_smithing_template":1,"minecraft:gold_nugget":14,"minecraft:gilded_blackstone":10,"minecraft:bone_block":6,"minecraft:sand":75,"minecraft:polished_blackstone_bricks":75,"minecraft:sugar":3,"minecraft:white_wool":1,"minecraft:bone":2,"minecraft:gravel":1,"minecraft:stone_axe":2,"minecraft:blackstone":112,"betternether:jungle_moss":2,"mutantmonsters:hulk_hammer":2,"minecraft:cobbled_deepslate":684,"minecraft:nether_brick":44,"stalwart_dungeons:tungsten_hammer":1,"minecraft:obsidian":4,"minecraft:beetroot":3,"minecraft:rotten_flesh":132,"minecraft:enchanted_golden_apple":165,"minecraft:oak_planks":13,"minecraft:diamond_shovel":2,"minecraft:cooked_mutton":1,"minecraft:carrot":2,"minecraft:chainmail_chestplate":1,"minecraft:gunpowder":3269,"minecraft:glowstone":6,"minecraft:chainmail_boots":1,"minecraft:arrow":139,"minecraft:glass":192,"minecraft:beef":7,"minecraft:ghast_tear":40,"minecraft:quartz":14,"minecraft:netherrack":840,"minecraft:enchanted_book":245,"minecraft:iron_ingot":4,"minecraft:bread":711,"minecraft:oak_slab":3,"minecraft:wheat_seeds":24,"minecraft:golden_horse_armor":4,"minecraft:diamond_leggings":3,"luckytntmod:uranium_ingot":1,"minecraft:book":6,"minecraft:prismarine_crystals":3,"minecraft:cobblestone":571,"minecraft:spectral_arrow":3,"minecraft:granite":10,"minecraft:tropical_fish":5,"minecraft:coal":66,"minecraft:stick":40,"stalwart_dungeons:soul_bricks":79,"minecraft:diamond_horse_armor":2,"minecraft:diorite":63,"minecraft:diamond_helmet":1,"minecraft:oak_stairs":5,"minecraft:white_banner":3,"minecraft:iron_axe":1,"minecraft:string":15,"stalwart_dungeons:soul_tiles":8,"minecraft:spruce_sapling":1,"minecraft:redstone":68,"minecraft:soul_soil":3,"minecraft:soul_torch":20,"minecraft:raw_copper":37,"minecraft:tuff":18,"minecraft:raw_iron":38,"minecraft:totem_of_undying":1,"minecraft:nether_bricks":16,"minecraft:diamond_sword":3,"bossominium:vex_wing":15,"minecraft:diamond_chestplate":3,"adventurez:orc_skin":8,"minecraft:spruce_planks":10,"minecraft:diamond_pickaxe":2,"minecraft:andesite":27,"minecraft:oak_sapling":3,"minecraft:stone_bricks":2,"minecraft:spider_eye":13,"minecraft:spruce_log":144,"minecraft:diamond_boots":1,"minecraft:sandstone":442,"minecraft:bow":1,"minecraft:raw_gold":2,"stalwart_dungeons:raw_tungsten":7,"luckytntmod:flat_dynamite":384},"minecraft:custom":{"minecraft:interact_with_crafting_table":191,"minecraft:open_barrel":6,"minecraft:bell_ring":3,"minecraft:leave_game":60,"minecraft:time_since_death":249579,"minecraft:damage_resisted":5099,"minecraft:sprint_one_cm":2254053,"minecraft:drop":640,"minecraft:talked_to_villager":2519,"minecraft:play_time":1141495,"minecraft:deaths":5,"minecraft:jump":14834,"minecraft:interact_with_brewingstand":1,"minecraft:walk_on_water_one_cm":144508,"minecraft:interact_with_furnace":84,"minecraft:traded_with_villager":2254,"minecraft:interact_with_loom":4,"minecraft:sleep_in_bed":46,"minecraft:damage_dealt":69184,"minecraft:crouch_one_cm":82606,"minecraft:horse_one_cm":64589,"minecraft:interact_with_smithing_table":34,"minecraft:interact_with_anvil":17,"minecraft:mob_kills":286,"minecraft:climb_one_cm":3030,"minecraft:walk_one_cm":1520219,"minecraft:raid_win":2,"minecraft:sneak_time":49423,"minecraft:walk_under_water_one_cm":50247,"minecraft:interact_with_blast_furnace":18,"minecraft:total_world_time":1141495,"minecraft:raid_trigger":2,"minecraft:interact_with_grindstone":8,"minecraft:time_since_rest":40624,"minecraft:damage_taken":11055,"minecraft:damage_absorbed":2394,"minecraft:swim_one_cm":239057,"minecraft:fly_one_cm":3199962,"minecraft:open_chest":716,"minecraft:fall_one_cm":400591},"minecraft:mined":{"minecraft:white_bed":42,"minecraft:spruce_planks":2,"minecraft:obsidian":96,"minecraft:granite":185,"minecraft:chiseled_polished_blackstone":1,"minecraft:grass_block":129,"minecraft:cracked_polished_blackstone_bricks":40,"minecraft:soul_soil":3,"minecraft:composter":1,"betternether:cincinnasite_ore":1,"minecraft:gilded_blackstone":8,"luckytntmod:deepslate_uranium_ore":38,"minecraft:polished_blackstone_bricks":177,"minecraft:magma_block":7,"minecraft:iron_ore":12,"minecraft:barrel":6,"minecraft:fire":2,"minecraft:deepslate_lapis_ore":2,"minecraft:fletching_table":3,"minecraft:dirt_path":9,"stalwart_dungeons:soul_magma_bricks":7,"minecraft:oak_stairs":5,"minecraft:azalea":2,"minecraft:deepslate_redstone_ore":6,"minecraft:blackstone":244,"stalwart_dungeons:soul_tiles":17,"minecraft:torch":18,"minecraft:chest":44,"minecraft:nether_quartz_ore":8,"minecraft:cobblestone":13,"minecraft:oak_planks":17,"minecraft:sugar_cane":14,"minecraft:grindstone":7,"minecraft:wall_torch":11,"minecraft:wheat":39,"minecraft:grass":47,"minecraft:oak_log":95,"minecraft:sand":44,"minecraft:dirt":222,"minecraft:ancient_debris":1,"minecraft:stonecutter":1,"minecraft:netherrack":868,"minecraft:oak_leaves":3,"minecraft:deepslate":1264,"alexscaves:spelunkery_table":1,"minecraft:nether_gold_ore":43,"minecraft:tuff":115,"stalwart_dungeons:soul_bricks":86,"minecraft:deepslate_diamond_ore":54,"luckytntmod:deepslate_gunpowder_ore":64,"minecraft:nether_bricks":16,"minecraft:spruce_leaves":11,"minecraft:moss_block":4,"minecraft:sandstone":11,"minecraft:hay_block":10,"minecraft:redstone_ore":1,"minecraft:spruce_sapling":2,"minecraft:furnace":3,"minecraft:carrots":2,"bosses_of_mass_destruction:void_blossom":19,"minecraft:andesite":375,"minecraft:bookshelf":212,"minecraft:potatoes":1,"minecraft:deepslate_iron_ore":2,"minecraft:vine":1,"minecraft:stone":2457,"minecraft:oak_slab":4,"betternether:netherrack_moss":7,"minecraft:flowering_azalea":1,"minecraft:soul_sand":1,"minecraft:basalt":200,"minecraft:crafting_table":3,"minecraft:cornflower":1,"minecraft:blackstone_slab":1,"betternether:mushroom_grass":6,"minecraft:lectern":17,"minecraft:stone_slab":1,"minecraft:copper_ore":21,"minecraft:tall_grass":3,"minecraft:deepslate_gold_ore":1,"minecraft:lapis_ore":2,"minecraft:polished_blackstone_brick_stairs":1,"minecraft:diorite":238,"stalwart_dungeons:tungsten_ore":9,"minecraft:spruce_log":2804,"minecraft:yellow_bed":4,"minecraft:coal_ore":44,"minecraft:gravel":24,"minecraft:cracked_stone_bricks":3,"minecraft:stone_bricks":2,"minecraft:gold_ore":6,"travelersbackpack:villager":2,"luckytntmod:uranium_ore":1,"luckytntmod:gunpowder_ore":586},"minecraft:picked_up":{"minecraft:wheat":3,"minecraft:chainmail_boots":1,"minecraft:diamond_sword":7,"minecraft:stone_slab":1,"alexscaves:cave_tablet":2,"minecraft:oak_stairs":5,"minecraft:enchanted_book":249,"minecraft:potion":4,"minecraft:gilded_blackstone":28,"minecraft:nether_brick":44,"minecraft:golden_sword":1,"minecraft:string":15,"minecraft:soul_soil":3,"minecraft:raw_copper":51,"minecraft:cooked_salmon":12,"minecraft:beetroot":39,"minecraft:diamond_leggings":5,"alexsmobs:blood_sac":5,"minecraft:gold_nugget":3054,"minecraft:cobbled_deepslate":920,"minecraft:spruce_planks":140,"minecraft:enchanted_golden_apple":165,"minecraft:furnace":3,"minecraft:stick":382,"minecraft:composter":1,"minecraft:torch":99,"minecraft:diorite":90,"stalwart_dungeons:soul_magma_bricks":14,"mutantmonsters:hulk_hammer":5,"minecraft:rotten_flesh":232,"minecraft:tropical_fish":10,"minecraft:glowstone":6,"minecraft:blaze_rod":25,"minecraft:obsidian":90,"adventurez:orc_skin":31,"minecraft:cod":7,"alexsmobs:flying_fish":1,"minecraft:cobblestone":1462,"minecraft:magma_block":2,"minecraft:warped_fungus_on_a_stick":4,"minecraft:magma_cream":17,"betternether:jungle_moss":2,"minecraft:iron_door":1,"minecraft:water_bucket":13,"minecraft:andesite":80,"minecraft:potato":1,"alexsmobs:bison_fur":1,"minecraft:flint":15,"minecraft:tuff":26,"adventurez:gilded_blackstone_shard":1,"betternether:bowl_upgrade_smithing_template":2,"minecraft:lapis_lazuli":520,"minecraft:dirt":4589,"stalwart_dungeons:blaze_armor_scrap":12,"minecraft:bone":18,"minecraft:bow":1,"minecraft:stonecutter":1,"minecraft:wheat_seeds":101,"minecraft:raw_gold":2,"minecraft:grindstone":7,"luckytntmod:uranium_ore":1,"minecraft:fletching_table":3,"minecraft:diamond_helmet":3,"minecraft:moss_block":2,"minecraft:oak_planks":281,"minecraft:ghast_tear":40,"minecraft:cooked_porkchop":43,"bosses_of_mass_destruction:crystal_fruit":2,"luckytntmod:antimatter":1,"minecraft:sand":11123,"minecraft:grass_block":1,"minecraft:spectral_arrow":3,"minecraft:barrel":6,"alexsmobs:animal_dictionary":1,"luckytntmod:flat_dynamite":220,"minecraft:snout_armor_trim_smithing_template":1,"minecraft:sugar":11,"minecraft:diamond":642,"bossominium:the_bossdexium":1,"minecraft:cracked_polished_blackstone_bricks":3,"minecraft:crossbow":13,"minecraft:granite":19,"minecraft:emerald":738,"minecraft:golden_horse_armor":4,"minecraft:bread":606,"minecraft:oak_sapling":30,"minecraft:netherrack":860,"minecraft:diamond_pickaxe":4,"minecraft:crafting_table":3,"travelersbackpack:villager":8,"minecraft:azure_bluet":2,"minecraft:splash_potion":2,"minecraft:nether_wart":34,"minecraft:leather_leggings":2,"minecraft:wooden_pickaxe":1,"minecraft:gold_block":15,"minecraft:diamond_horse_armor":2,"stalwart_dungeons:soul_bricks":79,"minecraft:cornflower":1,"minecraft:iron_axe":3,"minecraft:flint_and_steel":4,"minecraft:netherite_scrap":2,"minecraft:blackstone":121,"minecraft:cracked_stone_bricks":3,"minecraft:beef":10,"minecraft:poppy":2,"bossominium:vex_wing":24,"minecraft:lectern":17,"minecraft:sugar_cane":22,"minecraft:chest":47,"minecraft:egg":1,"minecraft:raw_iron":39,"minecraft:sandstone":368,"minecraft:stone":16,"minecraft:fire_charge":4,"minecraft:polished_blackstone_bricks":75,"bosses_of_mass_destruction:void_thorn":2,"minecraft:carrot":16,"minecraft:redstone":75,"minecraft:prismarine_crystals":9,"luckytntmod:deepslate_uranium_ore":37,"minecraft:tnt":2,"minecraft:arrow":140,"minecraft:diamond_chestplate":8,"minecraft:cooked_cod":4,"minecraft:beetroot_seeds":1,"stalwart_dungeons:raw_tungsten":135,"minecraft:nether_bricks":16,"minecraft:diamond_boots":3,"minecraft:hay_block":10,"alexscaves:spelunkery_table":1,"minecraft:saddle":19,"minecraft:gold_ingot":6,"minecraft:totem_of_undying":7,"minecraft:mutton":6,"minecraft:oxeye_daisy":2,"minecraft:bone_block":6,"minecraft:white_wool":59,"minecraft:basalt":188,"minecraft:golden_carrot":8,"minecraft:salmon":11,"minecraft:leather":22,"minecraft:oak_log":95,"minecraft:chainmail_chestplate":1,"minecraft:golden_boots":1,"minecraft:yellow_bed":4,"minecraft:gunpowder":18886,"alexsmobs:mosquito_proboscis":2,"minecraft:white_banner":17,"minecraft:apple":2,"minecraft:stone_bricks":2,"travelersbackpack:coal":1,"minecraft:heart_of_the_sea":2,"minecraft:iron_ingot":41,"luckytntmod:uranium_ingot":1,"minecraft:glass_bottle":13,"minecraft:soul_sand":26,"minecraft:book":672,"minecraft:oak_slab":3,"minecraft:quartz":106,"minecraft:dandelion":14,"minecraft:gravel":115,"stalwart_dungeons:soul_tiles":12,"minecraft:soul_torch":20,"minecraft:spruce_sapling":383,"minecraft:white_bed":42,"minecraft:spruce_log":3892,"minecraft:crying_obsidian":4,"minecraft:spider_eye":13,"minecraft:diamond_shovel":6,"minecraft:stone_axe":1,"hrbsdrills:drill":5,"minecraft:diamond_axe":2,"minecraft:baked_potato":1,"minecraft:crimson_nylium":5,"minecraft:coal":279},"minecraft:killed_by":{"minecraft:vex":1},"minecraft:used":{"minecraft:moss_block":2,"advancednetherite:netherite_diamond_sword":70,"bosses_of_mass_destruction:crystal_fruit":2,"minecraft:chest":20,"minecraft:stone":2,"minecraft:soul_sand":7,"hrbsdrills:drill":7,"minecraft:carrot":8,"minecraft:tuff":3,"minecraft:obsidian":16,"stalwart_dungeons:tungsten_hammer":2,"minecraft:villager_spawn_egg":7,"advancednetherite:netherite_diamond_chestplate":1,"minecraft:iron_helmet":1,"minecraft:magma_block":2,"mutantmonsters:hulk_hammer":14,"minecraft:furnace":5,"minecraft:cooked_cod":2,"minecraft:potato":2,"minecraft:diorite":16,"minecraft:warped_fungus_on_a_stick":11,"minecraft:diamond_boots":1,"luckytntmod:uranium_ore":1,"minecraft:stone_pickaxe":131,"minecraft:oak_planks":124,"minecraft:wooden_pickaxe":28,"minecraft:blackstone":9,"minecraft:composter":1,"minecraft:sugar_cane":7,"minecraft:diamond_axe":3208,"minecraft:sand":23,"minecraft:blast_furnace":1,"minecraft:crossbow":188,"minecraft:bread":208,"minecraft:lectern":41,"minecraft:iron_door":1,"minecraft:gravel":49,"minecraft:diamond_sword":426,"minecraft:grindstone":8,"minecraft:smithing_table":1,"minecraft:andesite":6,"minecraft:experience_bottle":48,"minecraft:trident":5,"minecraft:flint_and_steel":3,"minecraft:spruce_planks":23,"minecraft:cooked_salmon":5,"minecraft:stone_hoe":10,"minecraft:netherrack":33,"minecraft:torch":93,"minecraft:brewing_stand":2,"minecraft:dirt":593,"minecraft:anvil":1,"minecraft:diamond_helmet":3,"minecraft:granite":4,"minecraft:bookshelf":211,"advancednetherite:netherite_iron_helmet":1,"minecraft:totem_of_undying":1,"minecraft:barrel":3,"minecraft:diamond_chestplate":2,"alexscaves:spelunkery_table":1,"minecraft:basalt":124,"minecraft:enchanted_golden_apple":25,"minecraft:cooked_beef":2,"minecraft:cobbled_deepslate":67,"minecraft:iron_leggings":1,"minecraft:wheat_seeds":21,"minecraft:cooked_mutton":5,"luckytntmod:chunk_tnt":1,"minecraft:water_bucket":15,"travelersbackpack:villager":25,"minecraft:fletching_table":23,"minecraft:stonecutter":1,"minecraft:white_bed":61,"minecraft:crafting_table":5,"stalwart_dungeons:tungsten_helmet":1,"toolleveling:tool_leveling_table":1,"minecraft:cod":6,"minecraft:spruce_log":4,"minecraft:oak_log":1,"minecraft:diamond_pickaxe":7164,"minecraft:apple":2,"minecraft:diamond_shovel":170,"minecraft:iron_pickaxe":84,"minecraft:stone_slab":2,"minecraft:spruce_sapling":205,"minecraft:stone_axe":130,"stalwart_dungeons:soul_tiles":4,"minecraft:cobblestone":18,"minecraft:white_banner":4,"minecraft:bucket":24,"minecraft:magenta_glazed_terracotta":1,"minecraft:yellow_bed":4,"minecraft:splash_potion":2,"uncraftingtable76:uncraftingtable":2}},"DataVersion":3465}