{"stats":{"minecraft:broken":{"minecraft:diamond_helmet":1,"minecraft:leather_leggings":1,"minecraft:stone_pickaxe":1,"minecraft:diamond_boots":1,"minecraft:diamond_leggings":1},"minecraft:crafted":{"luckytntmod:nuclear_tnt":1,"minecraft:brick":320,"luckytntmod:lightning_tnt":1,"minecraft:grindstone":1,"minecraft:smooth_stone":6,"minecraft:oak_planks":332,"luckytntmod:dynamite":12,"luckytntmod:tnt_x5":241,"luckytntmod:hexahedron":1,"minecraft:stone":23,"minecraft:diamond_shovel":1,"minecraft:bookshelf":230,"minecraft:cooked_mutton":6,"minecraft:cake":1,"minecraft:quartz_block":12,"minecraft:glass":288,"minecraft:diamond_helmet":3,"minecraft:diamond_leggings":4,"luckytntmod:dynamite_x5":4,"luckytntmod:tnt_x100":12,"minecraft:chest":8,"minecraft:chiseled_stone_bricks":128,"minecraft:stone_hoe":13,"uncraftingtable76:uncraftingtable":1,"hrbsdrills:drillhead":1,"minecraft:emerald":1024,"minecraft:arrow":480,"minecraft:diamond_axe":4,"minecraft:crafting_table":3,"minecraft:spruce_planks":5476,"minecraft:wooden_pickaxe":1,"minecraft:iron_helmet":12,"minecraft:smithing_table":1,"minecraft:chainmail_chestplate":12,"hrbsdrills:engine":1,"minecraft:fletching_table":20,"minecraft:tnt":974,"minecraft:lectern":7,"minecraft:diamond_pickaxe":1,"minecraft:charcoal":18,"minecraft:stick":9036,"minecraft:stone_slab":6,"minecraft:iron_pickaxe":4,"luckytntmod:death_ray_ray":2,"minecraft:iron_block":8,"minecraft:netherite_ingot":9,"minecraft:shears":1,"minecraft:polished_andesite":64,"minecraft:redstone":48,"luckytntmod:tnt_x20":56,"luckytntmod:chemical_tnt":3,"minecraft:experience_bottle":24,"minecraft:furnace":4,"minecraft:blast_furnace":2,"luckytntmod:chemical_dynamite":4,"travelersbackpack:villager":3,"minecraft:flint_and_steel":3,"hrbsdrills:drill":1,"luckytntmod:cubic_tnt":3,"minecraft:lantern":180,"minecraft:iron_axe":40,"minecraft:spruce_slab":30,"minecraft:ender_pearl":24,"minecraft:stone_pickaxe":1,"minecraft:diamond_boots":3,"minecraft:redstone_block":5,"minecraft:wheat":90,"minecraft:cooked_beef":3,"minecraft:sugar":15,"luckytntmod:nuclear_dynamite":4,"minecraft:diamond_sword":1,"luckytntmod:chunk_tnt":1,"luckytntmod:uranium_ingot":24,"minecraft:iron_sword":1,"minecraft:bell":10,"minecraft:polished_granite":64,"minecraft:cooked_salmon":11,"minecraft:bucket":3,"minecraft:stone_axe":1,"minecraft:glowstone":24,"minecraft:enchanted_book":726,"minecraft:bread":1020,"minecraft:air":0,"minecraft:magenta_glazed_terracotta":1,"luckytntmod:tnt_x500":2,"minecraft:flint":60,"minecraft:iron_leggings":12,"minecraft:white_bed":19,"minecraft:torch":80,"minecraft:lapis_lazuli":24,"minecraft:diamond_chestplate":3},"minecraft:killed":{"minecraft:witch":4,"minecraft:spider":5,"minecraft:cod":2,"minecraft:skeleton":7,"adventurez:blaze_guardian":1,"minecraft:piglin":2,"ava:dark_blue_robot":10,"minecraft:pig":1,"minecraft:creeper":5,"alexsmobs:crimson_mosquito":3,"minecraft:sheep":6,"minecraft:pillager":19,"minecraft:zombie":33,"stalwart_dungeons:incomplete_wither":3,"minecraft:cow":2,"minecraft:evoker":3,"minecraft:vindicator":11,"alexsmobs:bison":1,"adventurez:orc":3,"betternether:naga":3,"stalwart_dungeons:reinforced_blaze":16,"bosses_of_mass_destruction:void_blossom":1,"minecraft:hoglin":2,"minecraft:ravager":5,"mutantmonsters:mutant_zombie":3,"minecraft:villager":9},"minecraft:dropped":{"minecraft:crimson_nylium":2,"minecraft:soul_sand":7,"minecraft:moss_block":1,"stalwart_dungeons:soul_magma_bricks":14,"minecraft:diamond_axe":1,"minecraft:baked_potato":1,"minecraft:glass_bottle":2,"minecraft:crossbow":4,"minecraft:lantern":72,"minecraft:cracked_stone_bricks":3,"minecraft:saddle":5,"alexsmobs:bison_fur":1,"minecraft:flint":3,"minecraft:emerald":2,"minecraft:cracked_polished_blackstone_bricks":3,"minecraft:dirt":212,"travelersbackpack:villager":1,"alexsmobs:flying_fish":1,"minecraft:snout_armor_trim_smithing_template":1,"minecraft:gold_nugget":4,"minecraft:bone_block":6,"minecraft:sand":11,"minecraft:sugar":3,"minecraft:white_wool":1,"minecraft:bone":1,"minecraft:blackstone":48,"minecraft:stone_axe":2,"betternether:jungle_moss":2,"mutantmonsters:hulk_hammer":2,"minecraft:cobbled_deepslate":215,"minecraft:nether_brick":2,"minecraft:beetroot":3,"minecraft:rotten_flesh":132,"minecraft:oak_planks":13,"minecraft:enchanted_golden_apple":128,"minecraft:diamond_shovel":1,"minecraft:cooked_mutton":1,"minecraft:carrot":2,"minecraft:chainmail_chestplate":1,"minecraft:gunpowder":5,"minecraft:glowstone":6,"minecraft:chainmail_boots":1,"minecraft:arrow":139,"minecraft:beef":7,"minecraft:glass":192,"minecraft:ghast_tear":40,"minecraft:quartz":14,"minecraft:netherrack":254,"minecraft:enchanted_book":245,"minecraft:iron_ingot":4,"minecraft:bread":711,"minecraft:oak_slab":3,"minecraft:wheat_seeds":21,"minecraft:golden_horse_armor":3,"minecraft:diamond_leggings":3,"luckytntmod:uranium_ingot":1,"minecraft:book":6,"minecraft:cobblestone":434,"minecraft:prismarine_crystals":3,"minecraft:spectral_arrow":3,"minecraft:tropical_fish":5,"minecraft:coal":1,"minecraft:stick":40,"minecraft:diamond_horse_armor":1,"stalwart_dungeons:soul_bricks":79,"minecraft:diorite":40,"minecraft:diamond_helmet":1,"minecraft:oak_stairs":5,"minecraft:white_banner":1,"minecraft:iron_axe":1,"minecraft:string":15,"stalwart_dungeons:soul_tiles":8,"minecraft:spruce_sapling":1,"minecraft:redstone":1,"minecraft:soul_soil":3,"minecraft:soul_torch":20,"minecraft:raw_copper":37,"minecraft:tuff":14,"minecraft:nether_bricks":16,"minecraft:totem_of_undying":1,"minecraft:diamond_sword":3,"bossominium:vex_wing":14,"minecraft:diamond_chestplate":3,"adventurez:orc_skin":8,"minecraft:diamond_pickaxe":1,"minecraft:andesite":27,"minecraft:oak_sapling":3,"minecraft:spider_eye":13,"minecraft:stone_bricks":2,"minecraft:spruce_log":144,"minecraft:diamond_boots":1,"minecraft:sandstone":168,"minecraft:bow":1,"minecraft:raw_gold":2,"stalwart_dungeons:raw_tungsten":7,"luckytntmod:flat_dynamite":384},"minecraft:custom":{"minecraft:interact_with_crafting_table":133,"minecraft:open_barrel":6,"minecraft:bell_ring":3,"minecraft:leave_game":54,"minecraft:time_since_death":115415,"minecraft:damage_resisted":3260,"minecraft:sprint_one_cm":2012235,"minecraft:drop":492,"minecraft:talked_to_villager":2511,"minecraft:play_time":1007331,"minecraft:deaths":5,"minecraft:jump":13237,"minecraft:walk_on_water_one_cm":131427,"minecraft:interact_with_furnace":77,"minecraft:traded_with_villager":2209,"minecraft:interact_with_loom":3,"minecraft:sleep_in_bed":42,"minecraft:damage_dealt":48031,"minecraft:crouch_one_cm":75998,"minecraft:horse_one_cm":64589,"minecraft:interact_with_smithing_table":6,"minecraft:interact_with_anvil":17,"minecraft:mob_kills":195,"minecraft:climb_one_cm":3030,"minecraft:walk_one_cm":1375642,"minecraft:raid_win":1,"minecraft:sneak_time":48201,"minecraft:walk_under_water_one_cm":46594,"minecraft:interact_with_blast_furnace":8,"minecraft:total_world_time":1007331,"minecraft:raid_trigger":1,"minecraft:interact_with_grindstone":8,"minecraft:time_since_rest":49992,"minecraft:damage_taken":9931,"minecraft:damage_absorbed":1716,"minecraft:swim_one_cm":235529,"minecraft:fly_one_cm":2873386,"minecraft:open_chest":427,"minecraft:fall_one_cm":360319},"minecraft:mined":{"minecraft:spruce_planks":2,"minecraft:white_bed":42,"minecraft:obsidian":96,"minecraft:granite":73,"minecraft:grass_block":129,"minecraft:cracked_polished_blackstone_bricks":6,"minecraft:soul_soil":3,"minecraft:composter":1,"minecraft:gilded_blackstone":1,"luckytntmod:deepslate_uranium_ore":37,"minecraft:polished_blackstone_bricks":37,"minecraft:magma_block":5,"minecraft:iron_ore":8,"minecraft:fire":2,"minecraft:barrel":6,"minecraft:fletching_table":3,"minecraft:dirt_path":9,"stalwart_dungeons:soul_magma_bricks":7,"minecraft:oak_stairs":5,"minecraft:azalea":2,"minecraft:blackstone":109,"stalwart_dungeons:soul_tiles":17,"minecraft:torch":18,"minecraft:chest":33,"minecraft:cobblestone":13,"minecraft:grindstone":7,"minecraft:sugar_cane":14,"minecraft:oak_planks":17,"minecraft:wall_torch":11,"minecraft:wheat":39,"minecraft:grass":40,"minecraft:oak_log":95,"minecraft:sand":44,"minecraft:dirt":222,"minecraft:stonecutter":1,"minecraft:netherrack":526,"minecraft:oak_leaves":3,"minecraft:deepslate":565,"alexscaves:spelunkery_table":1,"minecraft:tuff":24,"stalwart_dungeons:soul_bricks":86,"minecraft:deepslate_diamond_ore":10,"luckytntmod:deepslate_gunpowder_ore":15,"minecraft:nether_bricks":16,"minecraft:spruce_leaves":11,"minecraft:moss_block":4,"minecraft:sandstone":11,"minecraft:hay_block":10,"minecraft:spruce_sapling":2,"minecraft:furnace":3,"minecraft:carrots":2,"bosses_of_mass_destruction:void_blossom":19,"minecraft:andesite":300,"minecraft:bookshelf":212,"minecraft:potatoes":1,"minecraft:deepslate_iron_ore":1,"minecraft:vine":1,"minecraft:stone":2048,"minecraft:oak_slab":4,"betternether:netherrack_moss":7,"minecraft:flowering_azalea":1,"minecraft:basalt":194,"minecraft:crafting_table":3,"betternether:mushroom_grass":6,"minecraft:lectern":17,"minecraft:stone_slab":1,"minecraft:tall_grass":3,"minecraft:copper_ore":15,"minecraft:lapis_ore":1,"minecraft:deepslate_gold_ore":1,"minecraft:diorite":105,"stalwart_dungeons:tungsten_ore":9,"minecraft:spruce_log":2804,"minecraft:yellow_bed":4,"minecraft:coal_ore":37,"minecraft:gravel":23,"minecraft:cracked_stone_bricks":3,"minecraft:stone_bricks":2,"minecraft:gold_ore":6,"travelersbackpack:villager":2,"luckytntmod:gunpowder_ore":443,"luckytntmod:uranium_ore":1},"minecraft:picked_up":{"minecraft:wheat":3,"minecraft:chainmail_boots":1,"minecraft:stone_slab":1,"minecraft:diamond_sword":7,"minecraft:oak_stairs":5,"minecraft:potion":4,"minecraft:enchanted_book":249,"minecraft:nether_brick":23,"minecraft:soul_soil":3,"minecraft:string":5,"minecraft:raw_copper":51,"minecraft:cooked_salmon":12,"minecraft:beetroot":39,"alexsmobs:blood_sac":1,"minecraft:diamond_leggings":5,"minecraft:cobbled_deepslate":503,"minecraft:gold_nugget":38,"minecraft:spruce_planks":136,"minecraft:enchanted_golden_apple":128,"minecraft:furnace":3,"minecraft:stick":288,"minecraft:composter":1,"minecraft:torch":98,"minecraft:diorite":67,"stalwart_dungeons:soul_magma_bricks":14,"mutantmonsters:hulk_hammer":5,"minecraft:rotten_flesh":221,"minecraft:tropical_fish":10,"minecraft:glowstone":6,"minecraft:blaze_rod":25,"minecraft:obsidian":80,"adventurez:orc_skin":31,"minecraft:cod":7,"alexsmobs:flying_fish":1,"minecraft:cobblestone":1261,"minecraft:magma_block":2,"betternether:jungle_moss":2,"minecraft:warped_fungus_on_a_stick":4,"minecraft:iron_door":1,"minecraft:water_bucket":13,"minecraft:andesite":80,"minecraft:potato":1,"alexsmobs:bison_fur":1,"minecraft:flint":15,"minecraft:tuff":22,"minecraft:lapis_lazuli":48,"minecraft:dirt":4588,"stalwart_dungeons:blaze_armor_scrap":12,"minecraft:bone":17,"minecraft:bow":1,"minecraft:stonecutter":1,"minecraft:wheat_seeds":79,"minecraft:raw_gold":2,"minecraft:grindstone":7,"luckytntmod:uranium_ore":1,"minecraft:fletching_table":3,"minecraft:diamond_helmet":3,"minecraft:moss_block":2,"minecraft:oak_planks":281,"minecraft:ghast_tear":40,"minecraft:cooked_porkchop":9,"bosses_of_mass_destruction:crystal_fruit":2,"luckytntmod:antimatter":1,"minecraft:sand":6602,"minecraft:spectral_arrow":3,"minecraft:barrel":6,"alexsmobs:animal_dictionary":1,"minecraft:snout_armor_trim_smithing_template":1,"minecraft:sugar":3,"minecraft:diamond":12,"bossominium:the_bossdexium":1,"minecraft:cracked_polished_blackstone_bricks":3,"minecraft:crossbow":6,"minecraft:granite":9,"minecraft:golden_horse_armor":4,"minecraft:emerald":559,"minecraft:bread":606,"minecraft:oak_sapling":30,"minecraft:netherrack":500,"minecraft:diamond_pickaxe":3,"minecraft:crafting_table":3,"travelersbackpack:villager":8,"minecraft:azure_bluet":2,"minecraft:splash_potion":2,"minecraft:nether_wart":34,"minecraft:leather_leggings":2,"minecraft:wooden_pickaxe":1,"minecraft:gold_block":14,"minecraft:diamond_horse_armor":2,"stalwart_dungeons:soul_bricks":79,"minecraft:iron_axe":1,"minecraft:flint_and_steel":4,"minecraft:netherite_scrap":1,"minecraft:blackstone":97,"minecraft:cracked_stone_bricks":3,"minecraft:beef":10,"minecraft:poppy":2,"bossominium:vex_wing":19,"minecraft:lectern":17,"minecraft:chest":36,"minecraft:sugar_cane":22,"minecraft:egg":1,"minecraft:raw_iron":1,"minecraft:sandstone":168,"minecraft:stone":16,"minecraft:fire_charge":4,"minecraft:polished_blackstone_bricks":28,"bosses_of_mass_destruction:void_thorn":2,"minecraft:carrot":16,"minecraft:redstone":1,"minecraft:prismarine_crystals":9,"luckytntmod:deepslate_uranium_ore":37,"minecraft:tnt":2,"minecraft:arrow":110,"minecraft:diamond_chestplate":8,"minecraft:cooked_cod":4,"stalwart_dungeons:raw_tungsten":135,"minecraft:beetroot_seeds":1,"minecraft:nether_bricks":16,"minecraft:diamond_boots":3,"minecraft:hay_block":10,"alexscaves:spelunkery_table":1,"minecraft:totem_of_undying":6,"minecraft:saddle":16,"minecraft:gold_ingot":6,"minecraft:mutton":6,"minecraft:bone_block":6,"minecraft:white_wool":59,"minecraft:oxeye_daisy":2,"minecraft:basalt":188,"minecraft:salmon":11,"minecraft:leather":6,"minecraft:oak_log":95,"minecraft:chainmail_chestplate":1,"minecraft:golden_boots":1,"minecraft:yellow_bed":4,"minecraft:gunpowder":5080,"alexsmobs:mosquito_proboscis":1,"minecraft:white_banner":11,"minecraft:apple":2,"minecraft:stone_bricks":2,"minecraft:heart_of_the_sea":2,"minecraft:iron_ingot":41,"luckytntmod:uranium_ingot":1,"minecraft:glass_bottle":2,"minecraft:soul_sand":21,"minecraft:book":672,"minecraft:oak_slab":3,"minecraft:quartz":106,"minecraft:dandelion":14,"minecraft:gravel":114,"stalwart_dungeons:soul_tiles":12,"minecraft:soul_torch":20,"minecraft:spruce_sapling":368,"minecraft:white_bed":42,"minecraft:spruce_log":3892,"minecraft:spider_eye":13,"minecraft:diamond_shovel":5,"minecraft:stone_axe":1,"hrbsdrills:drill":5,"minecraft:diamond_axe":2,"minecraft:crimson_nylium":2,"minecraft:baked_potato":1,"minecraft:coal":214},"minecraft:killed_by":{"minecraft:vex":1},"minecraft:used":{"minecraft:moss_block":2,"bosses_of_mass_destruction:crystal_fruit":2,"minecraft:chest":13,"minecraft:stone":2,"minecraft:soul_sand":7,"hrbsdrills:drill":6,"minecraft:carrot":8,"minecraft:tuff":3,"minecraft:obsidian":16,"minecraft:villager_spawn_egg":7,"minecraft:iron_helmet":1,"minecraft:magma_block":2,"mutantmonsters:hulk_hammer":14,"minecraft:furnace":5,"minecraft:cooked_cod":2,"minecraft:potato":2,"minecraft:diorite":16,"minecraft:diamond_boots":1,"minecraft:warped_fungus_on_a_stick":7,"luckytntmod:uranium_ore":1,"minecraft:stone_pickaxe":131,"minecraft:oak_planks":124,"minecraft:blackstone":9,"minecraft:wooden_pickaxe":28,"minecraft:composter":1,"minecraft:sugar_cane":7,"minecraft:diamond_axe":3193,"minecraft:sand":23,"minecraft:blast_furnace":1,"minecraft:crossbow":188,"minecraft:bread":192,"minecraft:lectern":41,"minecraft:iron_door":1,"minecraft:gravel":49,"minecraft:diamond_sword":362,"minecraft:grindstone":8,"minecraft:smithing_table":1,"minecraft:andesite":6,"minecraft:experience_bottle":24,"minecraft:trident":5,"minecraft:flint_and_steel":3,"minecraft:spruce_planks":23,"minecraft:cooked_salmon":5,"minecraft:netherrack":30,"minecraft:stone_hoe":10,"minecraft:torch":93,"minecraft:brewing_stand":2,"minecraft:dirt":592,"minecraft:anvil":1,"minecraft:diamond_helmet":3,"minecraft:granite":4,"minecraft:bookshelf":211,"minecraft:totem_of_undying":1,"minecraft:barrel":3,"minecraft:diamond_chestplate":2,"alexscaves:spelunkery_table":1,"minecraft:basalt":124,"minecraft:cooked_beef":2,"minecraft:cobbled_deepslate":67,"minecraft:enchanted_golden_apple":15,"minecraft:iron_leggings":1,"minecraft:wheat_seeds":21,"minecraft:cooked_mutton":5,"luckytntmod:chunk_tnt":1,"minecraft:water_bucket":9,"travelersbackpack:villager":19,"minecraft:fletching_table":23,"minecraft:stonecutter":1,"minecraft:crafting_table":5,"minecraft:white_bed":61,"minecraft:cod":6,"toolleveling:tool_leveling_table":1,"minecraft:spruce_log":4,"minecraft:oak_log":1,"minecraft:diamond_pickaxe":4653,"minecraft:apple":2,"minecraft:diamond_shovel":170,"minecraft:iron_pickaxe":84,"minecraft:stone_slab":2,"minecraft:spruce_sapling":205,"minecraft:stone_axe":130,"stalwart_dungeons:soul_tiles":4,"minecraft:cobblestone":18,"minecraft:white_banner":2,"minecraft:bucket":16,"minecraft:magenta_glazed_terracotta":1,"minecraft:yellow_bed":4,"minecraft:splash_potion":2,"uncraftingtable76:uncraftingtable":1}},"DataVersion":3465}