{"stats":{"minecraft:crafted":{"minecraft:sugar":4,"minecraft:cake":2,"minecraft:crossbow":2,"minecraft:emerald":453,"minecraft:diamond_sword":1,"minecraft:diamond_helmet":2,"minecraft:arrow":112,"minecraft:diamond_leggings":2,"minecraft:diamond_pickaxe":1,"minecraft:diamond_axe":1,"minecraft:stick":14392,"minecraft:spruce_planks":7068,"minecraft:diamond_boots":2,"minecraft:bucket":1,"minecraft:diamond_shovel":1,"minecraft:bookshelf":2,"minecraft:enchanted_book":11,"minecraft:bread":96,"minecraft:air":0,"minecraft:diamond_chestplate":2},"minecraft:killed":{"minecraft:zombie":7,"alexsmobs:skunk":1,"alexsmobs:seagull":3,"minecraft:creeper":1},"minecraft:dropped":{"minecraft:enchanted_book":1,"minecraft:wheat_seeds":12,"minecraft:rotten_flesh":4,"minecraft:spruce_log":122,"minecraft:arrow":2,"minecraft:spruce_sapling":3,"minecraft:bone":1},"minecraft:custom":{"minecraft:time_since_rest":7200,"minecraft:interact_with_furnace":2,"minecraft:sprint_one_cm":192734,"minecraft:damage_taken":1278,"minecraft:walk_one_cm":232962,"minecraft:interact_with_anvil":2,"minecraft:mob_kills":16,"minecraft:drop":15,"minecraft:damage_dealt":2788,"minecraft:traded_with_villager":502,"minecraft:interact_with_crafting_table":7,"minecraft:swim_one_cm":5577,"minecraft:talked_to_villager":136,"minecraft:fly_one_cm":460052,"minecraft:open_chest":86,"minecraft:crouch_one_cm":4204,"minecraft:play_time":150901,"minecraft:sneak_time":999,"minecraft:walk_under_water_one_cm":1170,"minecraft:jump":2049,"minecraft:leave_game":12,"minecraft:time_since_death":150901,"minecraft:walk_on_water_one_cm":10239,"minecraft:sleep_in_bed":12,"minecraft:total_world_time":150901,"minecraft:fall_one_cm":64081},"minecraft:mined":{"minecraft:barrel":1,"minecraft:wheat":6,"minecraft:spruce_log":573,"minecraft:grass":59,"minecraft:bookshelf":8,"minecraft:oak_log":1,"minecraft:sugar_cane":3},"minecraft:picked_up":{"minecraft:book":24,"minecraft:oak_slab":1,"minecraft:wheat":6,"alexscaves:cave_tablet":10,"minecraft:enchanted_book":1,"minecraft:oak_log":1,"minecraft:spruce_sapling":1,"minecraft:spruce_log":297,"minecraft:gunpowder":2,"minecraft:barrel":1,"minecraft:string":2,"minecraft:paper":14,"mutantmonsters:hulk_hammer":1,"travelersbackpack:bookshelf":1,"minecraft:bone":1,"minecraft:arrow":3,"minecraft:rotten_flesh":15,"minecraft:wheat_seeds":24,"minecraft:iron_ingot":1,"minecraft:bread":3,"minecraft:sugar_cane":8,"minecraft:cobblestone":5,"minecraft:egg":2},"minecraft:used":{"minecraft:wheat_seeds":7,"minecraft:water_bucket":2,"minecraft:bookshelf":6,"minecraft:bread":33,"minecraft:spruce_sapling":8,"minecraft:diamond_axe":592,"minecraft:diamond_sword":38,"minecraft:cobblestone":1,"mutantmonsters:hulk_hammer":17}},"DataVersion":3465}