{"stats":{"minecraft:crafted":{"minecraft:diamond_shovel":1,"minecraft:bookshelf":11,"minecraft:cake":3,"minecraft:diamond_helmet":2,"minecraft:diamond_leggings":2,"minecraft:chest":8,"minecraft:diamond_boots":2,"minecraft:sugar":6,"minecraft:crossbow":2,"minecraft:diamond_sword":1,"minecraft:arrow":112,"minecraft:emerald":1377,"minecraft:diamond_axe":2,"minecraft:spruce_planks":21720,"minecraft:bucket":1,"minecraft:enchanted_book":44,"minecraft:bread":96,"minecraft:air":0,"minecraft:diamond_pickaxe":1,"minecraft:stick":43560,"minecraft:diamond_chestplate":2},"minecraft:killed":{"minecraft:evoker":1,"minecraft:vex":1,"minecraft:witch":1,"adventurez:amethyst_golem":1,"minecraft:spider":2,"minecraft:vindicator":3,"alexsmobs:seagull":3,"minecraft:skeleton":1,"minecraft:drowned":2,"alexsmobs:flying_fish":2,"alexsmobs:skunk":1,"minecraft:wandering_trader":1,"minecraft:ravager":2,"minecraft:creeper":3,"minecraft:trader_llama":2,"minecraft:pillager":8,"minecraft:zombie":15},"minecraft:dropped":{"minecraft:enchanted_book":1,"minecraft:bread":1,"minecraft:wheat_seeds":36,"minecraft:stick":153,"minecraft:torch":2,"alexsmobs:flying_fish":4,"minecraft:pumpkin_pie":2,"minecraft:bone_meal":1,"minecraft:sand":2,"minecraft:spruce_sapling":72,"minecraft:redstone":1,"minecraft:bone":2,"minecraft:rotten_flesh":81,"minecraft:diamond_shovel":2,"minecraft:totem_of_undying":1,"minecraft:poppy":16,"bossominium:vex_wing":2,"minecraft:gunpowder":1,"minecraft:diamond_pickaxe":1,"minecraft:oak_sapling":1,"minecraft:spider_eye":26,"minecraft:spruce_log":1127,"minecraft:sandstone":4,"minecraft:arrow":3},"minecraft:custom":{"minecraft:mob_kills":53,"minecraft:interact_with_anvil":16,"minecraft:interact_with_crafting_table":17,"minecraft:leave_game":19,"minecraft:time_since_death":176959,"minecraft:sprint_one_cm":567239,"minecraft:walk_one_cm":758395,"minecraft:drop":81,"minecraft:talked_to_villager":272,"minecraft:raid_win":1,"minecraft:play_time":405455,"minecraft:deaths":2,"minecraft:sneak_time":14279,"minecraft:walk_under_water_one_cm":16491,"minecraft:jump":6012,"minecraft:walk_on_water_one_cm":74727,"minecraft:total_world_time":405455,"minecraft:interact_with_furnace":2,"minecraft:traded_with_villager":1469,"minecraft:sleep_in_bed":28,"minecraft:time_since_rest":8255,"minecraft:damage_taken":4620,"minecraft:damage_dealt":11343,"minecraft:swim_one_cm":50257,"minecraft:fly_one_cm":1420279,"minecraft:open_chest":305,"minecraft:crouch_one_cm":90169,"minecraft:fall_one_cm":148316},"minecraft:mined":{"minecraft:grass_block":9,"travelersbackpack:bookshelf":1,"minecraft:spruce_leaves":14,"minecraft:spruce_sapling":6,"minecraft:iron_ore":6,"minecraft:barrel":1,"minecraft:andesite":2,"minecraft:bookshelf":25,"minecraft:dirt_path":2,"minecraft:stone":1627,"minecraft:chest":1,"minecraft:tall_grass":1,"minecraft:copper_ore":10,"minecraft:cobblestone":3,"minecraft:lapis_ore":4,"minecraft:sugar_cane":4,"minecraft:diorite":5,"minecraft:wheat":9,"minecraft:spruce_log":4312,"minecraft:grass":61,"minecraft:oak_log":1,"minecraft:coal_ore":26,"minecraft:gravel":28,"minecraft:sand":13,"minecraft:dirt":76,"luckytntmod:gunpowder_ore":28},"minecraft:picked_up":{"travelersbackpack:villager":1,"minecraft:wheat":9,"minecraft:azure_bluet":1,"minecraft:lead":2,"minecraft:diamond_sword":3,"alexscaves:cave_tablet":10,"minecraft:enchanted_book":1,"minecraft:cornflower":2,"minecraft:string":2,"minecraft:raw_copper":627,"minecraft:diamond_leggings":2,"minecraft:poppy":12,"bossominium:vex_wing":28,"minecraft:sugar_cane":11,"minecraft:chest":1,"minecraft:egg":3,"minecraft:stick":199,"minecraft:raw_iron":59,"minecraft:sandstone":4,"minecraft:torch":30,"minecraft:cookie":3,"minecraft:diorite":5,"minecraft:carrot":1,"minecraft:redstone":1,"mutantmonsters:hulk_hammer":3,"minecraft:diamond_chestplate":2,"minecraft:arrow":11,"minecraft:rotten_flesh":76,"minecraft:pumpkin_pie":2,"minecraft:diamond_boots":2,"minecraft:saddle":6,"minecraft:totem_of_undying":5,"alexsmobs:flying_fish":4,"minecraft:cobblestone":1807,"minecraft:oxeye_daisy":1,"minecraft:water_bucket":2,"minecraft:andesite":2,"minecraft:leather":14,"stalwart_dungeons:tungsten_hammer":1,"minecraft:oak_log":1,"minecraft:gunpowder":1715,"minecraft:lapis_lazuli":30,"minecraft:dirt":592,"minecraft:paper":14,"minecraft:white_banner":2,"travelersbackpack:bookshelf":2,"minecraft:bone":12,"minecraft:wheat_seeds":135,"minecraft:iron_ingot":6,"minecraft:diamond_helmet":2,"minecraft:book":75,"minecraft:oak_slab":1,"minecraft:dandelion":11,"minecraft:gravel":28,"minecraft:sand":12,"minecraft:spruce_sapling":333,"minecraft:grass_block":9,"minecraft:spruce_log":3746,"minecraft:barrel":1,"minecraft:spider_eye":26,"minecraft:diamond_shovel":3,"luckytntmod:flat_dynamite":384,"minecraft:sugar":1,"hrbsdrills:drill":3,"minecraft:crossbow":1,"minecraft:diamond_axe":2,"minecraft:bone_meal":1,"minecraft:emerald":1,"minecraft:bread":132,"minecraft:oak_sapling":2,"minecraft:coal":162,"minecraft:diamond_pickaxe":3},"minecraft:used":{"minecraft:chest":46,"hrbsdrills:drill":2,"minecraft:dirt":3079,"minecraft:diamond_helmet":1,"stalwart_dungeons:tungsten_hammer":1,"minecraft:bookshelf":23,"minecraft:grass_block":9,"minecraft:totem_of_undying":2,"minecraft:diamond_chestplate":1,"mutantmonsters:hulk_hammer":17,"minecraft:oak_sapling":2,"minecraft:wheat_seeds":10,"minecraft:water_bucket":3,"minecraft:diamond_boots":1,"minecraft:diamond_axe":4400,"minecraft:sugar_cane":1,"minecraft:sand":10,"minecraft:diamond_pickaxe":1711,"minecraft:diamond_shovel":118,"minecraft:bread":89,"minecraft:spruce_sapling":202,"minecraft:gravel":2,"minecraft:diamond_sword":147,"minecraft:cobblestone":27,"minecraft:andesite":2,"minecraft:dandelion":1}},"DataVersion":3465}