{"stats":{"minecraft:crafted":{"minecraft:diamond_sword":1,"minecraft:diamond_helmet":1,"minecraft:emerald":232,"minecraft:diamond_leggings":1,"minecraft:diamond_pickaxe":1,"minecraft:diamond_axe":1,"minecraft:spruce_planks":3584,"minecraft:stick":7424,"minecraft:diamond_boots":1,"minecraft:bucket":1,"minecraft:bookshelf":2,"minecraft:enchanted_book":2,"minecraft:bread":96,"minecraft:air":0,"minecraft:diamond_chestplate":1},"minecraft:killed":{"minecraft:zombie":7},"minecraft:picked_up":{"minecraft:book":6,"minecraft:wheat":3,"minecraft:enchanted_book":1,"mutantmonsters:hulk_hammer":1,"travelersbackpack:bookshelf":1,"minecraft:rotten_flesh":15,"minecraft:wheat_seeds":11,"minecraft:iron_ingot":1},"minecraft:mined":{"minecraft:wheat":3,"minecraft:grass":1,"minecraft:bookshelf":2},"minecraft:used":{"minecraft:wheat_seeds":3,"minecraft:water_bucket":2,"minecraft:bookshelf":2,"minecraft:bread":7,"minecraft:diamond_axe":2,"minecraft:diamond_sword":30,"mutantmonsters:hulk_hammer":17},"minecraft:dropped":{"minecraft:enchanted_book":1,"minecraft:wheat_seeds":8,"minecraft:rotten_flesh":4},"minecraft:custom":{"minecraft:time_since_rest":14424,"minecraft:interact_with_furnace":1,"minecraft:sprint_one_cm":47322,"minecraft:damage_taken":317,"minecraft:walk_one_cm":55025,"minecraft:mob_kills":11,"minecraft:drop":6,"minecraft:damage_dealt":2124,"minecraft:traded_with_villager":259,"minecraft:interact_with_crafting_table":2,"minecraft:talked_to_villager":55,"minecraft:fly_one_cm":86067,"minecraft:open_chest":27,"minecraft:crouch_one_cm":1623,"minecraft:play_time":32425,"minecraft:sneak_time":363,"minecraft:jump":482,"minecraft:leave_game":1,"minecraft:walk_on_water_one_cm":256,"minecraft:time_since_death":32425,"minecraft:sleep_in_bed":3,"minecraft:total_world_time":32425,"minecraft:fall_one_cm":10874}},"DataVersion":3465}