{"stats":{"minecraft:crafted":{"minecraft:sugar":4,"minecraft:cake":1,"minecraft:diamond_sword":1,"minecraft:diamond_helmet":1,"minecraft:emerald":232,"minecraft:diamond_leggings":1,"minecraft:diamond_pickaxe":1,"minecraft:diamond_axe":1,"minecraft:spruce_planks":3584,"minecraft:stick":7424,"minecraft:diamond_boots":1,"minecraft:bucket":1,"minecraft:bookshelf":2,"minecraft:enchanted_book":2,"minecraft:bread":96,"minecraft:air":0,"minecraft:diamond_chestplate":1},"minecraft:killed":{"minecraft:zombie":7,"alexsmobs:skunk":1,"alexsmobs:seagull":2},"minecraft:picked_up":{"minecraft:book":6,"minecraft:wheat":6,"minecraft:enchanted_book":1,"mutantmonsters:hulk_hammer":1,"travelersbackpack:bookshelf":1,"minecraft:rotten_flesh":15,"minecraft:wheat_seeds":19,"minecraft:iron_ingot":1,"minecraft:bread":3,"minecraft:sugar_cane":8,"minecraft:egg":2},"minecraft:mined":{"minecraft:wheat":6,"minecraft:grass":2,"minecraft:bookshelf":2,"minecraft:sugar_cane":3},"minecraft:used":{"minecraft:wheat_seeds":7,"minecraft:water_bucket":2,"minecraft:bookshelf":2,"minecraft:bread":11,"minecraft:diamond_axe":2,"minecraft:diamond_sword":34,"mutantmonsters:hulk_hammer":17},"minecraft:dropped":{"minecraft:enchanted_book":1,"minecraft:wheat_seeds":12,"minecraft:rotten_flesh":4},"minecraft:custom":{"minecraft:time_since_rest":8787,"minecraft:interact_with_furnace":1,"minecraft:sprint_one_cm":97869,"minecraft:damage_taken":373,"minecraft:walk_one_cm":89107,"minecraft:mob_kills":14,"minecraft:drop":7,"minecraft:damage_dealt":2366,"minecraft:traded_with_villager":259,"minecraft:interact_with_crafting_table":4,"minecraft:swim_one_cm":4863,"minecraft:talked_to_villager":55,"minecraft:fly_one_cm":237725,"minecraft:open_chest":28,"minecraft:crouch_one_cm":2086,"minecraft:play_time":56165,"minecraft:sneak_time":489,"minecraft:walk_under_water_one_cm":280,"minecraft:jump":986,"minecraft:leave_game":4,"minecraft:time_since_death":56165,"minecraft:walk_on_water_one_cm":4867,"minecraft:sleep_in_bed":5,"minecraft:total_world_time":56165,"minecraft:fall_one_cm":28036}},"DataVersion":3465}