{"stats":{"minecraft:crafted":{"minecraft:sugar":4,"minecraft:crossbow":2,"minecraft:diamond_sword":1,"minecraft:arrow":112,"minecraft:emerald":974,"minecraft:diamond_axe":2,"minecraft:spruce_planks":15260,"minecraft:bucket":1,"minecraft:diamond_shovel":1,"minecraft:bookshelf":2,"minecraft:enchanted_book":33,"minecraft:bread":96,"minecraft:air":0,"minecraft:cake":2,"minecraft:diamond_helmet":2,"minecraft:diamond_leggings":2,"minecraft:diamond_pickaxe":1,"minecraft:stick":30776,"minecraft:diamond_boots":2,"minecraft:diamond_chestplate":2},"minecraft:killed":{"minecraft:evoker":1,"minecraft:vex":1,"minecraft:witch":1,"adventurez:amethyst_golem":1,"alexsmobs:skunk":1,"minecraft:spider":2,"minecraft:vindicator":3,"alexsmobs:seagull":3,"minecraft:ravager":2,"minecraft:creeper":3,"minecraft:pillager":8,"minecraft:zombie":14,"alexsmobs:flying_fish":2},"minecraft:dropped":{"minecraft:enchanted_book":1,"minecraft:wheat_seeds":21,"minecraft:rotten_flesh":58,"minecraft:totem_of_undying":1,"minecraft:stick":26,"minecraft:poppy":2,"bossominium:vex_wing":2,"minecraft:gunpowder":1,"minecraft:torch":2,"alexsmobs:flying_fish":3,"minecraft:pumpkin_pie":2,"minecraft:spider_eye":26,"minecraft:bone_meal":1,"minecraft:spruce_log":122,"minecraft:sandstone":4,"minecraft:sand":2,"minecraft:arrow":2,"minecraft:spruce_sapling":3,"minecraft:redstone":1,"minecraft:bone":1},"minecraft:custom":{"minecraft:interact_with_furnace":2,"minecraft:interact_with_anvil":10,"minecraft:mob_kills":46,"minecraft:traded_with_villager":1046,"minecraft:interact_with_crafting_table":7,"minecraft:leave_game":15,"minecraft:time_since_death":57492,"minecraft:sleep_in_bed":20,"minecraft:time_since_rest":6297,"minecraft:sprint_one_cm":333093,"minecraft:damage_taken":4290,"minecraft:walk_one_cm":420453,"minecraft:drop":40,"minecraft:damage_dealt":10041,"minecraft:swim_one_cm":41045,"minecraft:talked_to_villager":210,"minecraft:fly_one_cm":809039,"minecraft:raid_win":1,"minecraft:open_chest":161,"minecraft:deaths":2,"minecraft:crouch_one_cm":81223,"minecraft:play_time":285988,"minecraft:sneak_time":12382,"minecraft:walk_under_water_one_cm":7173,"minecraft:jump":3625,"minecraft:walk_on_water_one_cm":51113,"minecraft:total_world_time":285988,"minecraft:fall_one_cm":101286},"minecraft:mined":{"travelersbackpack:bookshelf":1,"minecraft:spruce_leaves":11,"minecraft:lapis_ore":4,"minecraft:sugar_cane":3,"minecraft:spruce_sapling":5,"minecraft:iron_ore":4,"minecraft:wheat":6,"minecraft:barrel":1,"minecraft:spruce_log":2696,"minecraft:andesite":2,"minecraft:grass":61,"minecraft:bookshelf":16,"minecraft:oak_log":1,"minecraft:sand":5,"minecraft:dirt":47,"minecraft:stone":9},"minecraft:picked_up":{"travelersbackpack:villager":1,"minecraft:wheat":6,"minecraft:water_bucket":2,"minecraft:andesite":2,"minecraft:diamond_sword":3,"alexscaves:cave_tablet":10,"minecraft:enchanted_book":1,"minecraft:oak_log":1,"minecraft:gunpowder":7,"minecraft:lapis_lazuli":30,"minecraft:dirt":43,"minecraft:string":2,"minecraft:paper":14,"minecraft:white_banner":2,"travelersbackpack:bookshelf":2,"minecraft:bone":1,"minecraft:diamond_leggings":2,"minecraft:wheat_seeds":81,"minecraft:iron_ingot":6,"minecraft:poppy":11,"minecraft:diamond_helmet":2,"bossominium:vex_wing":28,"minecraft:sugar_cane":8,"minecraft:egg":2,"minecraft:book":48,"minecraft:oak_slab":1,"minecraft:stick":116,"minecraft:raw_iron":4,"minecraft:sandstone":4,"minecraft:torch":29,"minecraft:sand":4,"minecraft:cookie":3,"minecraft:spruce_sapling":218,"minecraft:spruce_log":2420,"minecraft:redstone":1,"minecraft:spider_eye":26,"minecraft:barrel":1,"minecraft:diamond_shovel":1,"minecraft:diamond_chestplate":2,"mutantmonsters:hulk_hammer":3,"minecraft:sugar":1,"minecraft:arrow":3,"minecraft:rotten_flesh":69,"minecraft:pumpkin_pie":2,"minecraft:diamond_boots":2,"minecraft:crossbow":1,"minecraft:diamond_axe":2,"minecraft:bone_meal":1,"minecraft:emerald":1,"minecraft:saddle":6,"minecraft:totem_of_undying":5,"minecraft:bread":132,"minecraft:oak_sapling":2,"alexsmobs:flying_fish":3,"minecraft:cobblestone":14,"minecraft:diamond_pickaxe":2},"minecraft:used":{"minecraft:wheat_seeds":7,"minecraft:water_bucket":2,"minecraft:diamond_boots":1,"minecraft:diamond_axe":2753,"minecraft:dirt":1189,"minecraft:sand":2,"minecraft:diamond_helmet":1,"minecraft:diamond_pickaxe":19,"minecraft:diamond_shovel":54,"minecraft:bookshelf":14,"minecraft:bread":66,"minecraft:totem_of_undying":2,"minecraft:spruce_sapling":121,"minecraft:diamond_chestplate":1,"minecraft:diamond_sword":138,"minecraft:cobblestone":10,"mutantmonsters:hulk_hammer":17,"minecraft:oak_sapling":2,"minecraft:andesite":2}},"DataVersion":3465}