{"stats":{"minecraft:crafted":{"minecraft:sugar":4,"minecraft:crossbow":2,"minecraft:diamond_sword":1,"minecraft:arrow":112,"minecraft:emerald":859,"minecraft:diamond_axe":1,"minecraft:spruce_planks":13468,"minecraft:bucket":1,"minecraft:diamond_shovel":1,"minecraft:bookshelf":2,"minecraft:enchanted_book":19,"minecraft:bread":96,"minecraft:air":0,"minecraft:cake":2,"minecraft:diamond_helmet":2,"minecraft:diamond_leggings":2,"minecraft:diamond_pickaxe":1,"minecraft:stick":27192,"minecraft:diamond_boots":2,"minecraft:diamond_chestplate":2},"minecraft:killed":{"alexsmobs:skunk":1,"alexsmobs:seagull":3,"minecraft:creeper":1,"minecraft:zombie":8},"minecraft:dropped":{"minecraft:enchanted_book":1,"minecraft:wheat_seeds":12,"minecraft:rotten_flesh":5,"minecraft:stick":25,"minecraft:spruce_log":122,"minecraft:sand":2,"minecraft:arrow":2,"minecraft:spruce_sapling":3,"minecraft:bone":1},"minecraft:custom":{"minecraft:interact_with_furnace":2,"minecraft:mob_kills":17,"minecraft:interact_with_anvil":9,"minecraft:traded_with_villager":916,"minecraft:interact_with_crafting_table":7,"minecraft:leave_game":12,"minecraft:time_since_death":174901,"minecraft:sleep_in_bed":14,"minecraft:time_since_rest":1374,"minecraft:sprint_one_cm":234678,"minecraft:damage_taken":1403,"minecraft:walk_one_cm":286591,"minecraft:drop":18,"minecraft:damage_dealt":3043,"minecraft:talked_to_villager":190,"minecraft:swim_one_cm":11293,"minecraft:fly_one_cm":516822,"minecraft:open_chest":111,"minecraft:crouch_one_cm":5008,"minecraft:play_time":174901,"minecraft:sneak_time":1164,"minecraft:walk_under_water_one_cm":3373,"minecraft:jump":2454,"minecraft:walk_on_water_one_cm":11882,"minecraft:total_world_time":174901,"minecraft:fall_one_cm":74968},"minecraft:mined":{"minecraft:spruce_leaves":11,"minecraft:lapis_ore":4,"minecraft:sugar_cane":3,"minecraft:spruce_sapling":4,"minecraft:iron_ore":4,"minecraft:wheat":6,"minecraft:barrel":1,"minecraft:spruce_log":2231,"minecraft:andesite":2,"minecraft:grass":59,"minecraft:bookshelf":8,"minecraft:oak_log":1,"minecraft:sand":5,"minecraft:stone":9},"minecraft:picked_up":{"minecraft:wheat":6,"minecraft:andesite":2,"alexscaves:cave_tablet":10,"minecraft:enchanted_book":1,"minecraft:oak_log":1,"minecraft:gunpowder":2,"minecraft:lapis_lazuli":30,"minecraft:string":2,"minecraft:paper":14,"travelersbackpack:bookshelf":1,"minecraft:bone":1,"minecraft:wheat_seeds":24,"minecraft:iron_ingot":1,"minecraft:sugar_cane":8,"minecraft:egg":2,"minecraft:book":24,"minecraft:oak_slab":1,"minecraft:stick":97,"minecraft:raw_iron":4,"minecraft:sand":4,"minecraft:spruce_sapling":166,"minecraft:spruce_log":1955,"minecraft:barrel":1,"mutantmonsters:hulk_hammer":1,"minecraft:arrow":3,"minecraft:rotten_flesh":16,"minecraft:bread":3,"minecraft:cobblestone":14},"minecraft:used":{"minecraft:wheat_seeds":7,"minecraft:water_bucket":2,"minecraft:diamond_axe":2274,"minecraft:sand":2,"minecraft:diamond_pickaxe":19,"minecraft:diamond_shovel":6,"minecraft:bookshelf":6,"minecraft:bread":39,"minecraft:spruce_sapling":100,"minecraft:diamond_sword":41,"minecraft:cobblestone":10,"mutantmonsters:hulk_hammer":17,"minecraft:andesite":2}},"DataVersion":3465}