{"stats":{"minecraft:crafted":{"minecraft:sugar":4,"minecraft:cake":2,"minecraft:crossbow":2,"minecraft:emerald":453,"minecraft:diamond_sword":1,"minecraft:diamond_helmet":2,"minecraft:arrow":112,"minecraft:diamond_leggings":2,"minecraft:diamond_pickaxe":1,"minecraft:diamond_axe":1,"minecraft:spruce_planks":7068,"minecraft:stick":14392,"minecraft:diamond_boots":2,"minecraft:bucket":1,"minecraft:bookshelf":2,"minecraft:enchanted_book":9,"minecraft:bread":96,"minecraft:air":0,"minecraft:diamond_chestplate":2},"minecraft:killed":{"minecraft:zombie":7,"alexsmobs:skunk":1,"alexsmobs:seagull":3},"minecraft:dropped":{"minecraft:enchanted_book":1,"minecraft:wheat_seeds":12,"minecraft:rotten_flesh":4,"minecraft:spruce_log":122,"minecraft:arrow":2,"minecraft:spruce_sapling":3,"minecraft:bone":1},"minecraft:custom":{"minecraft:time_since_rest":6279,"minecraft:interact_with_furnace":2,"minecraft:sprint_one_cm":164155,"minecraft:damage_taken":781,"minecraft:walk_one_cm":183421,"minecraft:interact_with_anvil":2,"minecraft:mob_kills":15,"minecraft:drop":15,"minecraft:damage_dealt":2446,"minecraft:traded_with_villager":500,"minecraft:interact_with_crafting_table":6,"minecraft:swim_one_cm":4863,"minecraft:talked_to_villager":102,"minecraft:fly_one_cm":401533,"minecraft:open_chest":66,"minecraft:crouch_one_cm":3817,"minecraft:play_time":112321,"minecraft:sneak_time":958,"minecraft:walk_under_water_one_cm":280,"minecraft:jump":1772,"minecraft:leave_game":8,"minecraft:time_since_death":112321,"minecraft:walk_on_water_one_cm":5417,"minecraft:sleep_in_bed":9,"minecraft:total_world_time":112321,"minecraft:fall_one_cm":49435},"minecraft:mined":{"minecraft:wheat":6,"minecraft:spruce_log":573,"minecraft:grass":59,"minecraft:bookshelf":6,"minecraft:sugar_cane":3},"minecraft:picked_up":{"minecraft:book":18,"minecraft:wheat":6,"minecraft:enchanted_book":1,"minecraft:spruce_sapling":1,"minecraft:spruce_log":297,"minecraft:string":2,"mutantmonsters:hulk_hammer":1,"minecraft:bone":1,"travelersbackpack:bookshelf":1,"minecraft:arrow":3,"minecraft:rotten_flesh":15,"minecraft:wheat_seeds":24,"minecraft:iron_ingot":1,"minecraft:bread":3,"minecraft:sugar_cane":8,"minecraft:egg":2},"minecraft:used":{"minecraft:wheat_seeds":7,"minecraft:water_bucket":2,"minecraft:bookshelf":6,"minecraft:bread":23,"minecraft:spruce_sapling":8,"minecraft:diamond_axe":586,"minecraft:diamond_sword":34,"mutantmonsters:hulk_hammer":17}},"DataVersion":3465}