{"stats":{"minecraft:broken":{"minecraft:diamond_axe":1},"minecraft:crafted":{"minecraft:barrel":21,"minecraft:diamond_shovel":1,"minecraft:bookshelf":11,"minecraft:cake":3,"minecraft:spruce_stairs":256,"minecraft:diamond_helmet":2,"minecraft:diamond_leggings":2,"minecraft:spruce_slab":42,"minecraft:chest":48,"minecraft:diamond_boots":2,"minecraft:sugar":6,"minecraft:crossbow":2,"minecraft:diamond_sword":1,"minecraft:arrow":112,"minecraft:emerald":1377,"minecraft:diamond_axe":11,"minecraft:crafting_table":1,"minecraft:spruce_planks":23516,"minecraft:bucket":1,"minecraft:enchanted_book":44,"minecraft:bread":96,"minecraft:air":0,"minecraft:spruce_trapdoor":32,"minecraft:diamond_pickaxe":1,"minecraft:stick":43624,"minecraft:torch":40,"minecraft:diamond_chestplate":2},"minecraft:killed":{"minecraft:evoker":4,"minecraft:vex":12,"minecraft:witch":3,"adventurez:amethyst_golem":1,"minecraft:spider":5,"minecraft:vindicator":8,"alexsmobs:seagull":3,"minecraft:skeleton":4,"minecraft:drowned":2,"alexsmobs:flying_fish":2,"alexsmobs:skunk":1,"minecraft:wandering_trader":1,"minecraft:ravager":3,"minecraft:creeper":5,"minecraft:trader_llama":2,"minecraft:pillager":12,"minecraft:zombie":21},"minecraft:dropped":{"minecraft:enchanted_book":1,"minecraft:bread":1,"minecraft:wheat_seeds":56,"minecraft:grass_block":19,"minecraft:stick":153,"minecraft:dirt":18,"minecraft:torch":2,"alexsmobs:flying_fish":4,"minecraft:pumpkin_pie":2,"minecraft:bone_meal":1,"minecraft:sand":2,"minecraft:spruce_sapling":72,"minecraft:redstone":1,"minecraft:bone":2,"minecraft:rotten_flesh":81,"minecraft:diamond_shovel":2,"minecraft:totem_of_undying":1,"minecraft:poppy":16,"bossominium:vex_wing":2,"minecraft:gunpowder":1,"minecraft:diamond_pickaxe":1,"minecraft:oak_sapling":1,"minecraft:spider_eye":26,"minecraft:spruce_log":1127,"minecraft:sandstone":4,"minecraft:arrow":3},"minecraft:custom":{"minecraft:mob_kills":95,"minecraft:interact_with_anvil":16,"minecraft:interact_with_crafting_table":24,"minecraft:open_barrel":1,"minecraft:leave_game":19,"minecraft:time_since_death":254388,"minecraft:sprint_one_cm":752245,"minecraft:walk_one_cm":1062371,"minecraft:drop":90,"minecraft:talked_to_villager":276,"minecraft:raid_win":2,"minecraft:play_time":482884,"minecraft:deaths":2,"minecraft:sneak_time":14632,"minecraft:walk_under_water_one_cm":17483,"minecraft:jump":7784,"minecraft:walk_on_water_one_cm":78282,"minecraft:total_world_time":482884,"minecraft:interact_with_furnace":3,"minecraft:traded_with_villager":1478,"minecraft:sleep_in_bed":30,"minecraft:time_since_rest":37789,"minecraft:damage_taken":6241,"minecraft:damage_absorbed":36,"minecraft:damage_dealt":21166,"minecraft:swim_one_cm":57188,"minecraft:fly_one_cm":1858176,"minecraft:open_chest":399,"minecraft:crouch_one_cm":91165,"minecraft:fall_one_cm":174959},"minecraft:mined":{"minecraft:spruce_planks":6,"minecraft:white_bed":2,"minecraft:spruce_trapdoor":2,"minecraft:grass_block":78,"travelersbackpack:bookshelf":1,"minecraft:spruce_leaves":21,"minecraft:spruce_sapling":21,"minecraft:iron_ore":6,"minecraft:barrel":4,"minecraft:andesite":2,"minecraft:bookshelf":25,"minecraft:dirt_path":4,"minecraft:stone":1627,"minecraft:torch":22,"minecraft:chest":4,"minecraft:tall_grass":6,"minecraft:copper_ore":10,"minecraft:cobblestone":6,"minecraft:lapis_ore":4,"minecraft:sugar_cane":4,"minecraft:diorite":5,"minecraft:spruce_stairs":10,"minecraft:wheat":9,"minecraft:spruce_log":6346,"minecraft:grass":69,"minecraft:oak_log":1,"minecraft:coal_ore":26,"minecraft:gravel":28,"minecraft:sand":13,"minecraft:dirt":181,"luckytntmod:gunpowder_ore":28},"minecraft:picked_up":{"travelersbackpack:villager":1,"minecraft:wheat":9,"minecraft:azure_bluet":1,"minecraft:lead":4,"minecraft:diamond_sword":3,"alexscaves:cave_tablet":10,"minecraft:enchanted_book":1,"minecraft:cornflower":2,"minecraft:string":18,"minecraft:raw_copper":627,"minecraft:iron_axe":1,"minecraft:diamond_leggings":2,"minecraft:spruce_planks":6,"minecraft:poppy":12,"bossominium:vex_wing":50,"minecraft:sugar_cane":11,"minecraft:chest":4,"minecraft:spruce_trapdoor":2,"minecraft:egg":3,"minecraft:stick":338,"minecraft:raw_iron":59,"minecraft:sandstone":4,"minecraft:torch":53,"minecraft:spruce_stairs":10,"minecraft:cookie":3,"minecraft:diorite":5,"minecraft:carrot":1,"minecraft:redstone":1,"mutantmonsters:hulk_hammer":3,"minecraft:diamond_chestplate":2,"minecraft:arrow":40,"minecraft:rotten_flesh":124,"minecraft:pumpkin_pie":2,"minecraft:diamond_boots":2,"minecraft:saddle":7,"minecraft:totem_of_undying":9,"alexsmobs:flying_fish":4,"minecraft:cobblestone":1810,"minecraft:oxeye_daisy":1,"minecraft:water_bucket":2,"minecraft:andesite":2,"minecraft:leather":15,"minecraft:golden_leggings":1,"stalwart_dungeons:tungsten_hammer":1,"minecraft:oak_log":1,"minecraft:gunpowder":3644,"minecraft:lapis_lazuli":30,"minecraft:dirt":700,"minecraft:paper":14,"minecraft:white_banner":3,"travelersbackpack:bookshelf":2,"minecraft:bone":41,"minecraft:bow":2,"minecraft:wheat_seeds":174,"minecraft:iron_ingot":6,"travelersbackpack:coal":1,"minecraft:glass_bottle":6,"minecraft:glowstone_dust":7,"minecraft:diamond_helmet":2,"minecraft:book":75,"minecraft:oak_slab":1,"minecraft:dandelion":11,"minecraft:gravel":28,"minecraft:sand":12,"minecraft:spruce_sapling":581,"minecraft:white_bed":2,"minecraft:grass_block":75,"minecraft:spruce_log":5779,"minecraft:barrel":4,"minecraft:spider_eye":38,"minecraft:diamond_shovel":3,"luckytntmod:flat_dynamite":384,"minecraft:sugar":1,"hrbsdrills:drill":3,"minecraft:crossbow":2,"minecraft:diamond_axe":2,"minecraft:bone_meal":1,"minecraft:emerald":36,"minecraft:bread":132,"minecraft:baked_potato":2,"minecraft:oak_sapling":2,"minecraft:coal":162,"minecraft:diamond_pickaxe":3},"minecraft:used":{"minecraft:spruce_planks":173,"minecraft:chest":89,"minecraft:torch":41,"hrbsdrills:drill":2,"minecraft:dirt":3502,"minecraft:spruce_stairs":42,"minecraft:diamond_helmet":1,"stalwart_dungeons:tungsten_hammer":1,"minecraft:bookshelf":23,"minecraft:grass_block":51,"minecraft:totem_of_undying":4,"minecraft:barrel":24,"minecraft:diamond_chestplate":1,"mutantmonsters:hulk_hammer":17,"minecraft:oak_sapling":2,"minecraft:wheat_seeds":10,"minecraft:water_bucket":3,"minecraft:diamond_boots":1,"minecraft:diamond_axe":6491,"minecraft:sugar_cane":1,"minecraft:sand":10,"minecraft:crafting_table":1,"minecraft:white_bed":2,"minecraft:spruce_log":252,"minecraft:diamond_pickaxe":1714,"minecraft:diamond_shovel":282,"minecraft:bread":114,"minecraft:spruce_trapdoor":34,"minecraft:spruce_sapling":456,"minecraft:gravel":2,"minecraft:diamond_sword":230,"minecraft:cobblestone":31,"minecraft:andesite":2,"minecraft:dandelion":1}},"DataVersion":3465}