{"stats":{"minecraft:picked_up":{"mutantmonsters:hulk_hammer":1,"minecraft:wheat_seeds":2},"minecraft:used":{"mutantmonsters:hulk_hammer":17},"minecraft:dropped":{"minecraft:wheat_seeds":2},"minecraft:mined":{"minecraft:grass":1},"minecraft:custom":{"minecraft:jump":169,"minecraft:open_chest":3,"minecraft:time_since_rest":8425,"minecraft:interact_with_furnace":1,"minecraft:crouch_one_cm":282,"minecraft:sprint_one_cm":13868,"minecraft:leave_game":1,"minecraft:play_time":8425,"minecraft:damage_taken":40,"minecraft:time_since_death":8425,"minecraft:walk_one_cm":11758,"minecraft:sneak_time":58,"minecraft:total_world_time":8425,"minecraft:drop":2,"minecraft:talked_to_villager":1,"minecraft:fall_one_cm":5127,"minecraft:fly_one_cm":37899}},"DataVersion":3465}