{"stats":{"minecraft:crafted":{"minecraft:diamond_shovel":1,"minecraft:bookshelf":11,"minecraft:cake":3,"minecraft:diamond_helmet":2,"minecraft:diamond_leggings":2,"minecraft:chest":8,"minecraft:diamond_boots":2,"minecraft:sugar":6,"minecraft:crossbow":2,"minecraft:diamond_sword":1,"minecraft:arrow":112,"minecraft:emerald":1377,"minecraft:diamond_axe":2,"minecraft:spruce_planks":21720,"minecraft:bucket":1,"minecraft:enchanted_book":44,"minecraft:bread":96,"minecraft:air":0,"minecraft:diamond_pickaxe":1,"minecraft:stick":43560,"minecraft:torch":40,"minecraft:diamond_chestplate":2},"minecraft:killed":{"minecraft:evoker":4,"minecraft:vex":12,"minecraft:witch":3,"adventurez:amethyst_golem":1,"minecraft:spider":4,"minecraft:vindicator":8,"alexsmobs:seagull":3,"minecraft:skeleton":4,"minecraft:drowned":2,"alexsmobs:flying_fish":2,"alexsmobs:skunk":1,"minecraft:wandering_trader":1,"minecraft:ravager":3,"minecraft:creeper":3,"minecraft:trader_llama":2,"minecraft:pillager":12,"minecraft:zombie":17},"minecraft:dropped":{"minecraft:enchanted_book":1,"minecraft:bread":1,"minecraft:wheat_seeds":40,"minecraft:stick":153,"minecraft:dirt":4,"minecraft:torch":2,"alexsmobs:flying_fish":4,"minecraft:pumpkin_pie":2,"minecraft:bone_meal":1,"minecraft:sand":2,"minecraft:spruce_sapling":72,"minecraft:redstone":1,"minecraft:bone":2,"minecraft:rotten_flesh":81,"minecraft:diamond_shovel":2,"minecraft:totem_of_undying":1,"minecraft:poppy":16,"bossominium:vex_wing":2,"minecraft:gunpowder":1,"minecraft:diamond_pickaxe":1,"minecraft:oak_sapling":1,"minecraft:spider_eye":26,"minecraft:spruce_log":1127,"minecraft:sandstone":4,"minecraft:arrow":3},"minecraft:custom":{"minecraft:mob_kills":88,"minecraft:interact_with_anvil":16,"minecraft:interact_with_crafting_table":18,"minecraft:leave_game":19,"minecraft:time_since_death":188388,"minecraft:sprint_one_cm":614945,"minecraft:walk_one_cm":790950,"minecraft:drop":86,"minecraft:talked_to_villager":272,"minecraft:raid_win":2,"minecraft:play_time":416884,"minecraft:deaths":2,"minecraft:sneak_time":14309,"minecraft:walk_under_water_one_cm":17483,"minecraft:jump":6446,"minecraft:walk_on_water_one_cm":77802,"minecraft:total_world_time":416884,"minecraft:interact_with_furnace":2,"minecraft:traded_with_villager":1469,"minecraft:sleep_in_bed":28,"minecraft:time_since_rest":19684,"minecraft:damage_taken":5956,"minecraft:damage_absorbed":36,"minecraft:damage_dealt":19836,"minecraft:swim_one_cm":57188,"minecraft:fly_one_cm":1539509,"minecraft:open_chest":319,"minecraft:crouch_one_cm":90169,"minecraft:fall_one_cm":156009},"minecraft:mined":{"minecraft:grass_block":13,"travelersbackpack:bookshelf":1,"minecraft:spruce_leaves":14,"minecraft:spruce_sapling":6,"minecraft:iron_ore":6,"minecraft:barrel":1,"minecraft:andesite":2,"minecraft:bookshelf":25,"minecraft:dirt_path":4,"minecraft:stone":1627,"minecraft:chest":1,"minecraft:tall_grass":4,"minecraft:copper_ore":10,"minecraft:cobblestone":3,"minecraft:lapis_ore":4,"minecraft:sugar_cane":4,"minecraft:diorite":5,"minecraft:wheat":9,"minecraft:spruce_log":4312,"minecraft:grass":67,"minecraft:oak_log":1,"minecraft:coal_ore":26,"minecraft:gravel":28,"minecraft:sand":13,"minecraft:dirt":78,"luckytntmod:gunpowder_ore":28},"minecraft:picked_up":{"travelersbackpack:villager":1,"minecraft:wheat":9,"minecraft:azure_bluet":1,"minecraft:lead":4,"minecraft:diamond_sword":3,"alexscaves:cave_tablet":10,"minecraft:enchanted_book":1,"minecraft:cornflower":2,"minecraft:string":9,"minecraft:raw_copper":627,"minecraft:iron_axe":1,"minecraft:diamond_leggings":2,"minecraft:poppy":12,"bossominium:vex_wing":50,"minecraft:sugar_cane":11,"minecraft:chest":1,"minecraft:egg":3,"minecraft:stick":199,"minecraft:raw_iron":59,"minecraft:sandstone":4,"minecraft:torch":30,"minecraft:cookie":3,"minecraft:diorite":5,"minecraft:carrot":1,"minecraft:redstone":1,"mutantmonsters:hulk_hammer":3,"minecraft:diamond_chestplate":2,"minecraft:arrow":40,"minecraft:rotten_flesh":96,"minecraft:pumpkin_pie":2,"minecraft:diamond_boots":2,"minecraft:saddle":7,"minecraft:totem_of_undying":9,"alexsmobs:flying_fish":4,"minecraft:cobblestone":1807,"minecraft:oxeye_daisy":1,"minecraft:water_bucket":2,"minecraft:andesite":2,"minecraft:leather":15,"minecraft:golden_leggings":1,"stalwart_dungeons:tungsten_hammer":1,"minecraft:oak_log":1,"minecraft:gunpowder":1717,"minecraft:lapis_lazuli":30,"minecraft:dirt":596,"minecraft:paper":14,"minecraft:white_banner":3,"travelersbackpack:bookshelf":2,"minecraft:bone":41,"minecraft:bow":2,"minecraft:wheat_seeds":139,"minecraft:iron_ingot":6,"minecraft:glass_bottle":6,"minecraft:glowstone_dust":7,"minecraft:diamond_helmet":2,"minecraft:book":75,"minecraft:oak_slab":1,"minecraft:dandelion":11,"minecraft:gravel":28,"minecraft:sand":12,"minecraft:spruce_sapling":333,"minecraft:grass_block":13,"minecraft:spruce_log":3746,"minecraft:barrel":1,"minecraft:spider_eye":36,"minecraft:diamond_shovel":3,"luckytntmod:flat_dynamite":384,"minecraft:sugar":1,"hrbsdrills:drill":3,"minecraft:crossbow":2,"minecraft:diamond_axe":2,"minecraft:bone_meal":1,"minecraft:emerald":36,"minecraft:bread":132,"minecraft:oak_sapling":2,"minecraft:coal":162,"minecraft:diamond_pickaxe":3},"minecraft:used":{"minecraft:chest":46,"minecraft:torch":9,"hrbsdrills:drill":2,"minecraft:dirt":3080,"minecraft:diamond_helmet":1,"stalwart_dungeons:tungsten_hammer":1,"minecraft:bookshelf":23,"minecraft:grass_block":9,"minecraft:totem_of_undying":4,"minecraft:diamond_chestplate":1,"mutantmonsters:hulk_hammer":17,"minecraft:oak_sapling":2,"minecraft:wheat_seeds":10,"minecraft:water_bucket":3,"minecraft:diamond_boots":1,"minecraft:diamond_axe":4400,"minecraft:sugar_cane":1,"minecraft:sand":10,"minecraft:diamond_pickaxe":1711,"minecraft:diamond_shovel":126,"minecraft:bread":101,"minecraft:spruce_sapling":202,"minecraft:gravel":2,"minecraft:diamond_sword":221,"minecraft:cobblestone":27,"minecraft:andesite":2,"minecraft:dandelion":1}},"DataVersion":3465}