{"stats":{"minecraft:crafted":{"minecraft:sugar":4,"minecraft:crossbow":2,"minecraft:diamond_sword":1,"minecraft:arrow":112,"minecraft:emerald":974,"minecraft:diamond_axe":2,"minecraft:spruce_planks":15260,"minecraft:bucket":1,"minecraft:diamond_shovel":1,"minecraft:bookshelf":2,"minecraft:enchanted_book":33,"minecraft:bread":96,"minecraft:air":0,"minecraft:cake":2,"minecraft:diamond_helmet":2,"minecraft:diamond_leggings":2,"minecraft:diamond_pickaxe":1,"minecraft:stick":30776,"minecraft:diamond_boots":2,"minecraft:diamond_chestplate":2},"minecraft:killed":{"minecraft:evoker":1,"minecraft:witch":1,"adventurez:amethyst_golem":1,"alexsmobs:skunk":1,"alexsmobs:seagull":3,"minecraft:creeper":2,"minecraft:pillager":4,"minecraft:zombie":8,"alexsmobs:flying_fish":2},"minecraft:dropped":{"minecraft:enchanted_book":1,"minecraft:wheat_seeds":12,"minecraft:rotten_flesh":22,"minecraft:stick":26,"minecraft:gunpowder":1,"minecraft:torch":2,"alexsmobs:flying_fish":3,"minecraft:bone_meal":1,"minecraft:spruce_log":122,"minecraft:sandstone":4,"minecraft:sand":2,"minecraft:arrow":2,"minecraft:spruce_sapling":3,"minecraft:redstone":1,"minecraft:bone":1},"minecraft:custom":{"minecraft:interact_with_furnace":2,"minecraft:interact_with_anvil":10,"minecraft:mob_kills":27,"minecraft:traded_with_villager":1046,"minecraft:interact_with_crafting_table":7,"minecraft:leave_game":15,"minecraft:time_since_death":220137,"minecraft:sleep_in_bed":17,"minecraft:time_since_rest":14814,"minecraft:sprint_one_cm":297350,"minecraft:damage_taken":1884,"minecraft:walk_one_cm":344425,"minecraft:drop":27,"minecraft:damage_dealt":5424,"minecraft:swim_one_cm":40049,"minecraft:talked_to_villager":210,"minecraft:fly_one_cm":710293,"minecraft:open_chest":157,"minecraft:crouch_one_cm":80941,"minecraft:play_time":220137,"minecraft:sneak_time":12183,"minecraft:walk_under_water_one_cm":6337,"minecraft:jump":3201,"minecraft:walk_on_water_one_cm":21341,"minecraft:total_world_time":220137,"minecraft:fall_one_cm":88811},"minecraft:mined":{"minecraft:spruce_leaves":11,"minecraft:lapis_ore":4,"minecraft:sugar_cane":3,"minecraft:spruce_sapling":5,"minecraft:iron_ore":4,"minecraft:wheat":6,"minecraft:barrel":1,"minecraft:spruce_log":2696,"minecraft:andesite":2,"minecraft:grass":61,"minecraft:bookshelf":16,"minecraft:oak_log":1,"minecraft:sand":5,"minecraft:dirt":47,"minecraft:stone":9},"minecraft:picked_up":{"minecraft:wheat":6,"minecraft:andesite":2,"alexscaves:cave_tablet":10,"minecraft:enchanted_book":1,"minecraft:oak_log":1,"minecraft:gunpowder":3,"minecraft:lapis_lazuli":30,"minecraft:dirt":43,"minecraft:string":2,"minecraft:paper":14,"travelersbackpack:bookshelf":1,"minecraft:bone":1,"minecraft:wheat_seeds":24,"minecraft:iron_ingot":1,"minecraft:sugar_cane":8,"minecraft:egg":2,"minecraft:book":48,"minecraft:oak_slab":1,"minecraft:stick":116,"minecraft:raw_iron":4,"minecraft:sandstone":4,"minecraft:torch":2,"minecraft:sand":4,"minecraft:spruce_sapling":218,"minecraft:spruce_log":2420,"minecraft:redstone":1,"minecraft:barrel":1,"mutantmonsters:hulk_hammer":1,"minecraft:arrow":3,"minecraft:rotten_flesh":33,"minecraft:bone_meal":1,"minecraft:totem_of_undying":1,"minecraft:bread":3,"alexsmobs:flying_fish":3,"minecraft:cobblestone":14},"minecraft:used":{"minecraft:wheat_seeds":7,"minecraft:water_bucket":2,"minecraft:diamond_axe":2753,"minecraft:dirt":1189,"minecraft:sand":2,"minecraft:diamond_pickaxe":19,"minecraft:diamond_shovel":54,"minecraft:bookshelf":14,"minecraft:bread":47,"minecraft:spruce_sapling":121,"minecraft:diamond_sword":75,"minecraft:cobblestone":10,"mutantmonsters:hulk_hammer":17,"minecraft:andesite":2}},"DataVersion":3465}