{"stats":{"minecraft:crafted":{"minecraft:sugar":4,"minecraft:crossbow":2,"minecraft:diamond_sword":1,"minecraft:arrow":112,"minecraft:emerald":974,"minecraft:diamond_axe":2,"minecraft:spruce_planks":15260,"minecraft:bucket":1,"minecraft:diamond_shovel":1,"minecraft:bookshelf":2,"minecraft:enchanted_book":33,"minecraft:bread":96,"minecraft:air":0,"minecraft:cake":2,"minecraft:diamond_helmet":2,"minecraft:diamond_leggings":2,"minecraft:diamond_pickaxe":1,"minecraft:stick":30776,"minecraft:diamond_boots":2,"minecraft:diamond_chestplate":2},"minecraft:killed":{"alexsmobs:skunk":1,"alexsmobs:seagull":3,"minecraft:creeper":1,"minecraft:zombie":8},"minecraft:dropped":{"minecraft:enchanted_book":1,"minecraft:wheat_seeds":12,"minecraft:rotten_flesh":5,"minecraft:stick":25,"minecraft:spruce_log":122,"minecraft:sand":2,"minecraft:arrow":2,"minecraft:spruce_sapling":3,"minecraft:bone":1},"minecraft:custom":{"minecraft:interact_with_furnace":2,"minecraft:mob_kills":17,"minecraft:interact_with_anvil":10,"minecraft:traded_with_villager":1046,"minecraft:interact_with_crafting_table":7,"minecraft:leave_game":14,"minecraft:time_since_death":196826,"minecraft:sleep_in_bed":15,"minecraft:time_since_rest":5031,"minecraft:sprint_one_cm":268519,"minecraft:damage_taken":1419,"minecraft:walk_one_cm":315108,"minecraft:drop":18,"minecraft:damage_dealt":3043,"minecraft:swim_one_cm":14566,"minecraft:talked_to_villager":210,"minecraft:fly_one_cm":602845,"minecraft:open_chest":157,"minecraft:crouch_one_cm":8223,"minecraft:play_time":196826,"minecraft:sneak_time":1876,"minecraft:walk_under_water_one_cm":5957,"minecraft:jump":2824,"minecraft:walk_on_water_one_cm":14680,"minecraft:total_world_time":196826,"minecraft:fall_one_cm":82921},"minecraft:mined":{"minecraft:spruce_leaves":11,"minecraft:lapis_ore":4,"minecraft:sugar_cane":3,"minecraft:spruce_sapling":5,"minecraft:iron_ore":4,"minecraft:wheat":6,"minecraft:barrel":1,"minecraft:spruce_log":2696,"minecraft:andesite":2,"minecraft:grass":59,"minecraft:bookshelf":16,"minecraft:oak_log":1,"minecraft:dirt":3,"minecraft:sand":5,"minecraft:stone":9},"minecraft:picked_up":{"minecraft:wheat":6,"minecraft:andesite":2,"alexscaves:cave_tablet":10,"minecraft:enchanted_book":1,"minecraft:oak_log":1,"minecraft:gunpowder":2,"minecraft:lapis_lazuli":30,"minecraft:dirt":1,"minecraft:string":2,"minecraft:paper":14,"travelersbackpack:bookshelf":1,"minecraft:bone":1,"minecraft:wheat_seeds":24,"minecraft:iron_ingot":1,"minecraft:sugar_cane":8,"minecraft:egg":2,"minecraft:book":48,"minecraft:oak_slab":1,"minecraft:stick":116,"minecraft:raw_iron":4,"minecraft:sand":4,"minecraft:spruce_sapling":218,"minecraft:spruce_log":2420,"minecraft:barrel":1,"mutantmonsters:hulk_hammer":1,"minecraft:arrow":3,"minecraft:rotten_flesh":16,"minecraft:bread":3,"minecraft:cobblestone":14},"minecraft:used":{"minecraft:wheat_seeds":7,"minecraft:water_bucket":2,"minecraft:diamond_axe":2753,"minecraft:dirt":39,"minecraft:sand":2,"minecraft:diamond_pickaxe":19,"minecraft:diamond_shovel":9,"minecraft:bookshelf":14,"minecraft:bread":41,"minecraft:spruce_sapling":121,"minecraft:diamond_sword":41,"minecraft:cobblestone":10,"mutantmonsters:hulk_hammer":17,"minecraft:andesite":2}},"DataVersion":3465}