{
  "minecraft:recipes/decorations/crafting_table": {
    "criteria": {
      "unlock_right_away": "2024-07-27 16:51:11 +0000"
    },
    "done": true
  },
  "dungeons_arise:wda_root": {
    "criteria": {
      "WDA": "2024-07-27 16:51:11 +0000"
    },
    "done": true
  },
  "littlemaidrebirth:recipes/littlemaidrebirth.common/little_maid_spawn_egg": {
    "criteria": {
      "egg": "2024-07-27 16:51:11 +0000",
      "cake": "2024-07-27 16:51:11 +0000",
      "gold_ingot": "2024-07-27 16:51:11 +0000",
      "sugar": "2024-07-27 16:51:11 +0000"
    },
    "done": true
  },
  "toolleveling:recipes/tool_leveling_table": {
    "criteria": {
      "has_enchanting_table": "2024-07-27 16:51:11 +0000"
    },
    "done": true
  },
  "bossominium:loot_bosses_a": {
    "criteria": {
      "loot_bosses_a": "2024-07-27 16:51:11 +0000"
    },
    "done": true
  },
  "betternether:root": {
    "criteria": {
      "welcome": "2024-07-27 16:51:12 +0000"
    },
    "done": true
  },
  "betterend:root": {
    "criteria": {
      "welcome": "2024-07-27 16:51:12 +0000"
    },
    "done": true
  },
  "minecraft:adventure/adventuring_time": {
    "criteria": {
      "minecraft:beach": "2024-07-27 17:03:16 +0000",
      "minecraft:forest": "2024-07-27 16:51:12 +0000",
      "minecraft:plains": "2024-07-27 17:03:21 +0000"
    },
    "done": false
  },
  "DataVersion": 3465
}